repo_name,file,commit,is_corrective,is_refactor
3liz/lizmap-web-client,lizmap/www/assets/js/map.js,937609b673999f79a27912a11438df87cd102b12,true,false
3liz/lizmap-web-client,lizmap/www/assets/js/attributeTable.js,ba857575fd977366a03d87c479fd76939c1ead24,true,false
AniLeo/rpcs3-compatibility,cachers.php,e9611a89f2d62f19fff5bc7e9369eea3c13c1ec3,true,false
AzuraCast/AzuraCast,src/Customization.php,1182a8dbdfe22aee29594e3557b2dc0924b7eaf5,true,false
AzuraCast/AzuraCast,src/Normalizer/DoctrineEntityNormalizer.php,16e2bde2e60e98145bc89c521dfda428d0be31d4,true,false
AzuraCast/AzuraCast,config/forms/remote.php,aa6b197cb561fa3a826e1f7a101e635e60ffcc35,true,false
AzuraCast/AzuraCast,src/Utilities/Csv.php,daf045af3f9327e9bf8be08c5dae01205b79c0ff,true,false
Bakual/SermonSpeaker,com_sermonspeaker/admin/views/scripture/tmpl/default.php,dc8d828d579cd6f87e091f0a092a11d137edf8b8,true,false
BugBuster1701/contao-visitors-bundle,src/Resources/contao/modules/ModuleVisitorStat.php,8bcdd0f6b71f0de0dac0101fee8106e6cc3231c6,true,false
CORE-POS/IS4C,fannie/cron/members.sync.with.CiviCRM.php,0db2da264ab62fd058a042290d825d9fc3d3882a,false,true
CORE-POS/IS4C,fannie/classlib2.0/comm/LaneDetect.php,301e45b224c1d87877eb565089eae127f3c3d097,false,true
CORE-POS/IS4C,pos/is4c-nf/lib/Tenders/TenderModule.php,45864950b5bf73e436a0a7a1a22f1a7d1a9caaf8,true,false
CORE-POS/IS4C,fannie/batches/batchhistory/BatchHistoryPage.php,481a3d04860761a2934b2523586e719cccc9bfcf,true,false
CORE-POS/IS4C,fannie/classlib2.0/FannieUploadPage.php,49b3d8c0ce4b47457fe80b15b756000b667a8f52,true,false
CORE-POS/IS4C,fannie/modules/plugins2.0/WfcVirtualCoupon/WfcVcTask.php,75c494308e7e5e5407e6607f43809459c0de7fe3,true,false
CORE-POS/IS4C,pos/is4c-nf/plugins/Paycards/lib/paycardEntered.php,97b1ebae8c3393c247bfd5825389bba552ff156b,true,false
CORE-POS/IS4C,pos/is4c-nf/plugins/CoopCred/CoopCredLib.php,a13bb8f87ece673588bfa7bcf73e2b3fd8142b0d,true,false
CORE-POS/IS4C,fannie/install/LaneConfigPages/extra_directory_layer/updates.php,b146fc6bf7bcdae0a0bd9520317bd6cfc016ccf1,true,false
CORE-POS/IS4C,fannie/classlib2.0/FannieDispatch.php,ca645f861a248040b322702cdba61009001f0009,false,true
CORE-POS/IS4C,fannie/reports/SalesAndTaxToday/SalesAndTaxTodayReport.php,f46a66cbc2b01ae4825bbaa3cbff5a28fb5b56d3,true,false
CORE-POS/IS4C,pos/is4c-nf/plugins/WfcHtmlReceipt/WFCFixup.php,f93bdf719ed4b7d22bdd410af056dc60335d13ea,true,false
CORE-POS/IS4C,fannie/item/modules/VendorItemModule.php,fa892c16097706a65244eb46da8180dbad4e2cbf,true,false
Cacti/cacti,cli/change_device.php,1f339f4d40211424b8256d2fb217c53723440e65,true,false
Cacti/cacti,lib/rrd.php,9a7b676aa69911420972de38f6861c7035e5d769,true,false
Cacti/plugin_mactrack,mactrack_actions.php,12f5c0db3a3ad488e0ae0c8aef1026e8d6a6d666,true,false
Cacti/plugin_thold,setup.php,22947bd6954afd735d311f6611645d10cb331827,true,false
Cacti/plugin_thold,thold_webapi.php,66f18c7bb4910825ddd0a0d78ba0f733091202d8,true,false
Cacti/plugin_thold,notify_lists.php,a33df03a70d9ef13fad6301f6adc24aa2a504ed8,true,false
Codeception/Codeception,src/Codeception/Lib/Parser.php,d69ab790f9c43a003b8bf5e4d5a44012fc436abb,false,true
Connections-Business-Directory/Connections,includes/Utility/_format.php,104f6f15f5aec6a3cb88a58624b2cc4aa0116fef,true,false
Connections-Business-Directory/Connections,includes/class.form.php,24f231749f458da4ce88889edadebb21c245ee7e,false,true
Connections-Business-Directory/Connections,includes/Taxonomy/Widget.php,4efc73a080bbb77f6b685e382348da5d04ed9636,true,false
Cvolton/GMDprivateServer,_updates/2021-08-30.sql,405fa4083a3420cce9752c91a97a5b4f66419080,false,true
Cvolton/GMDprivateServer,tools/stats/stats.php,405fa4083a3420cce9752c91a97a5b4f66419080,false,true
Cvolton/GMDprivateServer,incl/misc/likeGJItem.php,657237e77f4e888813a418e981577da461aaf83c,false,true
Cvolton/GMDprivateServer,incl/relationships/readGJFriendRequest.php,d69d05a871a5d7a48a42072653aa879de32a3c8b,true,false
DBCDK/OpenSearch-webservice,tests/requests/issues/OSE-48/pid-with-paranthesis.xml,6965940bac001fc9d95447ad6ea8f9fd998c1e6b,true,false
DirectoryLister/DirectoryLister,app/src/ViewFunctions/Breadcrumbs.php,09a78e2fc28c58489cb0d39544ce7b5c4c90a73a,true,false
DirectoryLister/DirectoryLister,tests/ViewFunctions/BreadcrumbsTest.php,09a78e2fc28c58489cb0d39544ce7b5c4c90a73a,true,false
DoSomething/northstar,app/Console/Commands/RecountPostsCommand.php,634ba0a6d5649971b259da3c2239cfcefb60168a,true,false
DoSomething/northstar,app/Jobs/Imports/ImportRockTheVoteRecord.php,775e3bc8358f9feadb890f6c978bc873243afebe,true,false
DoSomething/northstar,tests/Jobs/Imports/ImportRockTheVoteRecordTest.php,775e3bc8358f9feadb890f6c978bc873243afebe,true,false
DoSomething/northstar,app/Jobs/Imports/ImportMutePromotions.php,be05bedba8660b7044194566a244a9840c076837,true,false
DoSomething/northstar,tests/Jobs/Imports/ImportMutePromotionsTest.php,be05bedba8660b7044194566a244a9840c076837,true,false
FreshPorts/freshports,classes/cache.php,0b36675258b5d3a0c63b71265c0a3927796ec6d2,true,false
FreshPorts/freshports,rewrite/missing.php,49f60d001d25ae518af1e2cd745f0760bd6c3675,true,false
FriendsOfCake/crud,src/Listener/RelatedModelsListener.php,7cf253c90e9d966d37f5319936c3bf9a82d6f8bf,false,true
Froxlor/Froxlor,lib/Froxlor/Validate/Check.php,c967e585b5597dcb2abf9e6a971c4cef07d506ad,true,true
GemsTracker/gemstracker-library,classes/Gems/Tracker/Token.php,9ceb72f6a259a8129ef6754b881bb23735afe527,true,false
GoogleCloudPlatform/php-docs-samples,functions/tips_scopes/index.php,cc72614faae0e309aeab4a6248804eb5ee51209c,true,false
Icinga/icingaweb2,modules/monitoring/library/Monitoring/Backend/Ido/Query/IdoQuery.php,83557afd35dc85da01995be2a907f9223fb0bb84,true,false
Icinga/icingaweb2,library/Icinga/Web/JavaScript.php,a00166f15bab2a1f3c7e40644f8c015bcdd844bd,true,true
Icinga/icingaweb2-module-director,library/Director/Web/Table/DatafieldTable.php,093abfd73384c142c8334b7c3efecae5c9d77abd,true,false
Icinga/icingaweb2-module-director,library/Director/Db.php,21dcadd143e7cf80a917941d913c828cb8a96cfd,false,true
Icinga/icingaweb2-module-director,library/Director/Web/Table/ObjectsTableService.php,40c2aaeb22593bb59ec22a1d06579dc644be65f4,true,false
Icinga/icingaweb2-module-director,library/Director/DirectorObject/Lookup/SingleServiceInfo.php,83c12fefcf604c7d8104282f5e4f6825aaa21ca5,true,false
Icinga/icingaweb2-module-director,library/Director/Web/Table/DatafieldCategoryTable.php,c822f3b981e315c03f7c3dea1c0e92d714474833,true,false
IlchCMS/Ilch-2.0,application/libraries/Ilch/Transfer.php,bd91c3bc2390a804fe7a3b2b9ae5a4075abe474e,false,true
Intracto/SecretSanta,shell_provisioner/module/php.sh,0ced919633ea61f1339330c163434e2327ba2132,true,true
Intracto/SecretSanta,.travis.yml,1f05a66c6f0d5e6b3dfd370dbd0d8e9d436b9bc4,true,false
Intracto/SecretSanta,.travis/before_install.sh,1f05a66c6f0d5e6b3dfd370dbd0d8e9d436b9bc4,true,false
JC5/firefly-iii,frontend/src/components/transactions/TransactionListLarge.vue,4ab7f00f86129f4570f6e8a59bfba62abbcc3e89,false,true
JC5/firefly-iii,frontend/src/components/transactions/TransactionListMedium.vue,4ab7f00f86129f4570f6e8a59bfba62abbcc3e89,false,true
JC5/firefly-iii,frontend/src/components/transactions/TransactionListSmall.vue,4ab7f00f86129f4570f6e8a59bfba62abbcc3e89,false,true
JC5/firefly-iii,app/Handlers/Events/APIEventHandler.php,6fee873729d1242170f8f930a8fa6f286cf33a14,true,false
JC5/firefly-iii,resources/views/errors/404.twig,8572e056f943e23af90d12849671acabfa46fc6f,true,false
JC5/firefly-iii,app/Models/TransactionJournal.php,92f7a9c5742ebf2c3a7bd1aa6f9ad92086a3176e,false,true
JacobDB/new-site,src/functions/post-types.php,8f957e0204e7267c4784728f537c70787783ec88,false,true
JacobDB/new-site,src/assets/scripts/modern/menu-list.js,fa74f93fc102113b1387e4827520ca233a3673cc,true,false
Karmabunny/sprout3,src/sprout/composer_bootstrap.php,31e8feffd68079fa4070f7995455ccb84e92c5b1,true,false
Karmabunny/sprout3,src/sprout/Helpers/ColModifierSize.php,3d0c81aca115841a579301274f520b1c57c1781a,false,true
Kunstmaan/KunstmaanNodeBundle,Toolbar/NodeDataCollector.php,a2d9f305c2d7aad672fe11dfddc33f289db929a7,true,false
LaravelRUS/SleepingOwlAdmin,resources/views/default/display/table.blade.php,f4f7dc27f438d0d1f1eb1b4e16b6a7766619f16a,true,false
Learnosity/learnosity-demos,www/analytics/outcomes-mastery-reporting.php,d2baf338230b0a717dd811c9be19ae3fb079acd2,false,true
MailCleaner/MailCleaner,www/soap/application/MCSoap/Config.php,14cdf3734da4543470d26fabedd797af28f19bd9,true,false
MailCleaner/MailCleaner,www/classes/controllers/user/ConfigUserWWList.php,5bf289646b43eb6af9a7e32981b46658e5302822,true,false
MailCleaner/MailCleaner,lib/SpamHandler/Message.pm,a914663dafc3fe380fde11b290e5534647863710,false,true
MailCleaner/MailCleaner,www/guis/admin/application/models/InformationalMessage.php,d104a78a5fda872a98a5db2042a818c1cd9fbaf8,true,false
NeoRazorX/facturascripts,Core/Controller/ReportTaxes.php,1a6b5a225b8f1e995e8ad0c5b0c4b3da13de224e,true,false
NeoRazorX/facturascripts,Core/View/Master/GridView.html.twig,ca20502e31f568e2b467d11d635343b1638e8771,true,false
OXID-eSales/oxideshop_ce,source/Core/TableViewNameGenerator.php,7e76678527f0cf9f480fb39bdf13b0d7a928918c,true,false
Octopoos/SEBLOD,administrator/components/com_cck/helpers/toolbar/separator.php,1b349efc629baf332b19ea0b109454fe36b3db8c,true,false
Octopoos/SEBLOD,plugins/cck_field/email/email.php,3f29cb64f75867f82fd0750b28c0b2c3c14ffc47,true,false
Oinosseus/acswui,pyacswui/udp_plugin_car_entry.py,f268598825fd2ed05e3af42bd12c71d982f21878,false,true
OpenConext/OpenConext-engineblock,library/EngineBlock/Corto/Filter/Command/RunAttributeManipulations.php,f9872372b4f455b6381c3aa9c46cfd41efaa979f,true,false
Opmantek/open-audit,code_igniter/application/models/m_discovery_log.php,2206ffddbf518e5f89cf77e07fbc32d179148783,true,false
Opmantek/open-audit,code_igniter/application/helpers/snmp_30803_helper.php,af5c9950d957179f95b2c8f4ef4fd99bb63b6f89,false,true
Opmantek/open-audit,code_igniter/application/helpers/snmp_model_helper.php,cbe532c48185a618b19137b17ba8d3c48bab1fd6,false,true
Opmantek/open-audit,code_igniter/application/helpers/mac_helper.php,d75ef73fdc0f17c58ed0420edb9122b4474b17dd,false,true
PHPBoost/PHPBoost,pages/controllers/AdminPagesConfigController.class.php,9ef94ae331ddccc694340956ed5b2dbf00effe47,true,true
PHPMailer/PHPMailer,test/PHPMailer/ParseAddressesTest.php,99937ed6370be626dddd664536c36af0bf2f6e4f,true,false
RSS-Bridge/rss-bridge,bridges/YoutubeBridge.php,a26408594b9b880382a6f71cbe95e2c168fe6dd5,true,true
RSS-Bridge/rss-bridge,bridges/GBAtempBridge.php,bf1773ed8b7f73baa7d9cc2075bb2725dff73315,true,false
RoboJackets/apiary,database/migrations/2021_08_18_153109_make_rank_order_nullable_for_class_standings.php,bdce79901cbfc7447a797543a66d892f4317c914,true,false
SUPLA/supla-cloud,src/SuplaDeveloperBundle/DataFixtures/ORM/SchedulesFixture.php,92afb1015e94329acb0a7c5cc906611146f1083a,true,false
SUPLA/supla-cloud,src/frontend/src/common/filters.js,d6591e83b605e0ec1509fbdcf2e4cf11f1c99629,true,false
SUPLA/supla-cloud,src/frontend/src/common/pages/pending-changes-page.vue,d6591e83b605e0ec1509fbdcf2e4cf11f1c99629,true,false
SUPLA/supla-cloud,src/frontend/src/schedules/schedule-details/schedule-details-page.vue,d6591e83b605e0ec1509fbdcf2e4cf11f1c99629,true,false
SimpleSoftwareIO/simple-qrcode,src/Generator.php,7867ebaedef202f26ce114a21d0cc52acea75b7c,true,false
SocialiteProviders/Providers,src/Apple/Provider.php,9eb42992ec403f614e77f12f1724fc45bae6f7d3,true,false
SplashSync/Prestashop,modules/splashsync/src/Objects/Product/AttributeTrait.php,19d0313123ae60775c01532f17b3974acd3a20ca,true,false
Sylius/Sylius-Standard,.github/workflows/build.yml,6482c4fda62d795be852bd1be34832961a607e74,false,true
Sylius/Sylius-Standard,composer.json,6482c4fda62d795be852bd1be34832961a607e74,false,true
TYPO3-Solr/ext-solr,Classes/System/Cache/TwoLevelCache.php,cb4ab78593fc1b082a08ad959c7d7a5dde2ecb22,true,false
TYPO3-Solr/ext-solr,Tests/Unit/System/Cache/TwoLevelCacheTest.php,cb4ab78593fc1b082a08ad959c7d7a5dde2ecb22,true,false
TYPO3/testing-framework,Classes/Core/Acceptance/Helper/Login.php,100b08974d4c87a1c047e98e6fee398baef9f167,true,false
TYPO3/testing-framework,Classes/Core/Functional/Framework/Frontend/InternalRequest.php,2f9d74744d15c1b27e17492c368dd544ed0fd6e4,true,false
TYPO3/testing-framework,Classes/Core/Functional/Framework/Package/PackageArtifactBuilder.php,787cf0fd1c7e70b66861a57ba6df79e5424c1717,true,false
TheOrchid/Platform,tests/Unit/Screen/TDForTableTest.php,7d74ab6d76662191183cc00cf2a8c77cdfbd6ef4,false,true
TheOrchid/Platform,resources/js/controllers/map_controller.js,8220054d49f413f34e499d05ffbb273574320f47,true,false
TheOrchid/Platform,public/js/manifest.js.map,e196386173d782b6343f11b379b2064cee0cde2c,false,true
TheOrchid/Platform,resources/sass/core/mixins.scss,e196386173d782b6343f11b379b2064cee0cde2c,false,true
TheOrchid/Platform,resources/sass/theme/variables.scss,e196386173d782b6343f11b379b2064cee0cde2c,false,true
Village-X-Org/Site-v2,project.php,8bb519733761930b77e44671042dab3a1d5c9d72,true,false
WillyXJ/facileManager,server/fm-modules/fmDHCP/classes/class_options.php,cbfbb4aea54151538be92d97286a238babbaccc5,true,false
WillyXJ/facileManager,server/fm-modules/fmFirewall/functions.php,dac723986479d8e9e26cfa8fea8b2969356b7261,true,false
WillyXJ/facileManager,server/fm-modules/fmSQLPass/functions.php,e8f3723303591c2f437fb120adfc92e996a5e819,true,false
WoltLab/WCF,wcfsetup/install/files/acp/templates/acpSessionLog.tpl,972b35cbe6de7fc45f72694703c0ab4fdd866309,false,true
WoltLab/WCF,wcfsetup/install/files/lib/system/exception/ILoggingAwareException.class.php,c7f66b38cda87afb4270fd4c2b3c78129fa04cc6,false,true
aces/Loris,modules/candidate_list/jsx/candidateListIndex.js,e0e93cf4907266276debf0375e780521c96627fd,false,true
acquia/blt,bin/blt-robo-run.php,052ef967a755ec397037dbccc6ac5ac9c1c15dbc,true,false
acquia/blt,scripts/blt/examples/Test/ExampleTest.php,d53fb91ec3e13382ec9a99e1694a770268626f66,false,true
acquia/blt,src/Robo/Commands/Recipes/PhpUnitCommand.php,d53fb91ec3e13382ec9a99e1694a770268626f66,false,true
adam-boduch/coyote,app/Http/Controllers/Forum/CommentController.php,b41701c940e7df4c4e98646e621966c6b61f47c9,true,false
adam-boduch/coyote,resources/js/pages/homepage.js,bc355eb0c1cf0a51b09df3a1beca01047e3f7609,true,false
adam-boduch/coyote,app/Console/Commands/CreateSitemapCommand.php,d83471c58b5adc31a49c928e953587f19823f013,false,true
aimeos/ai-admin-jqadm,admin/jqadm/themes/default/admin.css,07235606b0cb21ce656030dd06902c0a789eca61,false,true
aimeos/ai-admin-jqadm,admin/jqadm/templates/log/list-standard.php,36ffd0744ce85f681b7020edd73d48b2f6cf2ba0,false,true
aimeos/ai-admin-jqadm,admin/jqadm/templates/attribute/item-standard.php,e56adc42791c8de9cd3b03ad4abbc24e2944116d,true,false
aimeos/ai-client-html,client/html/src/Client/Html/Checkout/Standard/Standard.php,b1e13b126ef654ec4c506fa4caf5feb77c7f17e1,true,false
aimeos/aimeos-laravel,src/helpers.php,dec6fa78c715bbcb708d3fdea9f1a6f860e2b85b,true,false
akrherz/iem,htdocs/wp-login.php,2538a3d6cc130002d00454e14d4242a7e52bdde6,false,true
akrherz/iem,htdocs/geojson/agclimate.py,638f8fd92b38590eebbaa775cdea5fa3ca5631e1,true,false
akrherz/iem,scripts/ingestors/soilm_ingest.py,a1ef4f07ce5d526c16e59fc2e7ffdc79cdfaca54,true,false
akrherz/iem,scripts/ingestors/asos_1minute/p2_examples.txt,c55588192595c699e72a280dada66c0483bc8b03,true,false
akrherz/iem,htdocs/ASOS/current.phtml,dc98b288e8c0c7fffb1c7b404b5243f78a682997,false,true
akrherz/iem,htdocs/AWOS/current.phtml,dc98b288e8c0c7fffb1c7b404b5243f78a682997,false,true
akrherz/iem,htdocs/COOP/current.phtml,dc98b288e8c0c7fffb1c7b404b5243f78a682997,false,true
akrherz/iem,htdocs/RWIS/current.phtml,dc98b288e8c0c7fffb1c7b404b5243f78a682997,false,true
akrherz/iem,htdocs/RWIS/currentSF.phtml,dc98b288e8c0c7fffb1c7b404b5243f78a682997,false,true
akrherz/iem,htdocs/agclimate/current.phtml,dc98b288e8c0c7fffb1c7b404b5243f78a682997,false,true
akrherz/iem,htdocs/climodat/index.phtml,dc98b288e8c0c7fffb1c7b404b5243f78a682997,false,true
akrherz/iem,htdocs/scan/current.phtml,dc98b288e8c0c7fffb1c7b404b5243f78a682997,false,true
akrherz/iem,include/mlib.php,dc98b288e8c0c7fffb1c7b404b5243f78a682997,false,true
akrherz/iem,cgi-bin/request/gis/watchwarn.py,e0ae04b67b52b3a7455e73e0b060a9eac8ec287c,true,false
akrherz/iem,htdocs/request/asos/plot_1min.php,f93c03faf21a1156758c17c819560359f06992a2,true,false
apigee/apigee-edge-drupal,src/UserDeveloperConverter.php,ffe510fb523e4541519d5ab207db89202997290e,true,false
apioo/fusio-impl,src/EventListener/WorkerListener.php,48160892e647d0307fabbcc7355b3bc897c86303,true,false
apioo/fusio-impl,src/Worker/Action/WorkerAbstract.php,7bcfb67585e52633fc47d6358b65adbd7ed89506,true,false
apioo/psx-schema,src/Parser/TypeSchema.php,8c828ec44915313a037e0925b68ca5acf7b5bf08,true,false
auth0/auth0-PHP,.phpcs.xml.dist,65b432a7fae1511366e2a04218cd849b8d6fe1c6,false,true
autowp/autowp,module/Application/src/Most/Adapter/Brakes.php,d8841d31afa020d4288ef42634ffa77ae4bfee37,false,true
bamyers99/Bambots,src/gadgets/ClassSuggester.js,dfdd3d3989dec57d137390408a79146d4e5e425c,false,true
barryvdh/laravel-ide-helper,src/Macro.php,b162347aff25cf4a917211f33522362283cd1c6a,true,false
bearcms/bearframework-addon,components/bearcmsImageElement.php,549165a82e506a17542ac4c6d556a493552c948a,false,true
blackfireio/player,Player/Step/BlockStep.php,20addb9bc68851e2ec38b968d2df33ac320b5b3b,true,false
blackfireio/player,Player/Tests/fixtures-run/with-include/output.txt,20addb9bc68851e2ec38b968d2df33ac320b5b3b,true,false
bobbingwide/oik,libs/bw_fields.php,d2598fa338efd28b6a3a8282fd87e488a9113ecd,true,false
brainworxx/kreXX,tests/Unit/Analyse/Callback/Analyse/Objects/PublicPropertyTest.php,34b10ca1096fafb30c8ea61178870ad3e0fcf820,true,false
brainworxx/kreXX,src/Analyse/Callback/Analyse/Scalar/Xml.php,5f618c44c83aa69afb7c164195553ee0453bc8d4,true,false
brainworxx/kreXX,tests/Unit/Analyse/Callback/Analyse/Scalar/XmlTest.php,5f618c44c83aa69afb7c164195553ee0453bc8d4,true,false
brainworxx/kreXX,tests/Unit/Analyse/Callback/Analyse/Objects/GetterTest.php,e305b94869e521c84af56b0f3efb2b5e50e08ed4,true,false
brainworxx/kreXX-TYPO3-Extension,Classes/Domain/Model/Settings/LogFileWriter.php,608a7ea7577b7b29c3358fe2812eae1641085685,true,false
brainworxx/kreXX-TYPO3-Extension,Resources/Private/Templates/Index/Index.html,f8192b03550d6e02800466aa8db98bc78e851748,true,false
brainworxx/kreXX-TYPO3-Extension,Resources/Public/JavaScript/Index.js,f8192b03550d6e02800466aa8db98bc78e851748,true,false
brainworxx/kreXX-TYPO3-Extension,Tests/Unit/Controller/ConfigControllerTest.php,fc022844d54ecd4395fac2dca8f2bf6dfe2e7633,false,true
brick/geo,src/IO/GeoJSONReader.php,e516fe9474dbe31d9c7dc42053b8b697978b4254,true,false
brick/money,composer.json,5e7af32e5e063e0b5d919d85a4cbe5bbc4bd1608,true,false
brick/money,src/Exception/UnknownCurrencyException.php,5e7af32e5e063e0b5d919d85a4cbe5bbc4bd1608,true,false
camdram/camdram,app/config/parameters.yml.dist,2c7baf856ae5fbc214e1025d8403567e2f2f231e,false,true
camdram/camdram,src/Acts/CamdramBundle/Controller/DevelopmentController.php,2c7baf856ae5fbc214e1025d8403567e2f2f231e,false,true
centreon/centreon,src/Centreon/Domain/PlatformTopology/Model/PlatformPending.php,2dbc39199f79b99ff48d2e4a5befe31f4f57467d,true,false
centreon/centreon,www/class/centreon-knowledge/ProceduresProxy.class.php,5ca11a1cf8c95e9b22341559c0303170ff9a5d4e,true,false
centreon/centreon,cron/centreon-backup-mysql.sh,679900ea563204e8b93312c6b2b1e653fb0e5e3e,true,false
centreon/centreon,www/class/centreon-clapi/centreonACLAction.class.php,a4445da7f5e1c35a531a98dc3069d8c3488dc4a5,true,false
centreon/centreon,tests/e2e/.gitignore,df0c1274508d097ae6a65559b8c219a6943ac974,true,false
centreon/centreon,tests/e2e/cypress.dev.json,df0c1274508d097ae6a65559b8c219a6943ac974,true,false
centreon/centreon,tests/e2e/cypress.json,df0c1274508d097ae6a65559b8c219a6943ac974,true,false
centreon/centreon,tests/e2e/cypress/.eslintrc.js,df0c1274508d097ae6a65559b8c219a6943ac974,true,false
centreon/centreon,tests/e2e/cypress/README.md,df0c1274508d097ae6a65559b8c219a6943ac974,true,false
centreon/centreon,tests/e2e/cypress/fixtures/resources.txt,df0c1274508d097ae6a65559b8c219a6943ac974,true,false
centreon/centreon,tests/e2e/cypress/fixtures/resources/clapi/host1/01-add.json,df0c1274508d097ae6a65559b8c219a6943ac974,true,false
centreon/centreon,tests/e2e/cypress/fixtures/resources/clapi/service1/01-add.json,df0c1274508d097ae6a65559b8c219a6943ac974,true,false
centreon/centreon,tests/e2e/cypress/fixtures/resources/clapi/service1/02-set-max-check.json,df0c1274508d097ae6a65559b8c219a6943ac974,true,false
centreon/centreon,tests/e2e/cypress/fixtures/resources/clapi/service1/03-disable-active-check.json,df0c1274508d097ae6a65559b8c219a6943ac974,true,false
centreon/centreon,tests/e2e/cypress/fixtures/resources/clapi/service1/04-enable-passive-check.json,df0c1274508d097ae6a65559b8c219a6943ac974,true,false
centreon/centreon,tests/e2e/cypress/fixtures/resources/clapi/service2/01-add.json,df0c1274508d097ae6a65559b8c219a6943ac974,true,false
centreon/centreon,tests/e2e/cypress/fixtures/resources/clapi/service2/02-set-max-check.json,df0c1274508d097ae6a65559b8c219a6943ac974,true,false
centreon/centreon,tests/e2e/cypress/fixtures/resources/clapi/service2/03-disable-active-check.json,df0c1274508d097ae6a65559b8c219a6943ac974,true,false
centreon/centreon,tests/e2e/cypress/fixtures/resources/clapi/service2/04-enable-passive-check.json,df0c1274508d097ae6a65559b8c219a6943ac974,true,false
centreon/centreon,tests/e2e/cypress/fixtures/resources/clapi/submit-results.json,df0c1274508d097ae6a65559b8c219a6943ac974,true,false
centreon/centreon,tests/e2e/cypress/fixtures/resources/filters.json,df0c1274508d097ae6a65559b8c219a6943ac974,true,false
centreon/centreon,tests/e2e/cypress/fixtures/users/admin.json,df0c1274508d097ae6a65559b8c219a6943ac974,true,false
centreon/centreon,tests/e2e/cypress/integration/Resources-status/02-actions/index.ts,df0c1274508d097ae6a65559b8c219a6943ac974,true,false
centreon/centreon,tests/e2e/cypress/integration/Resources-status/common.ts,df0c1274508d097ae6a65559b8c219a6943ac974,true,false
centreon/centreon,tests/e2e/cypress/support/model.ts,df0c1274508d097ae6a65559b8c219a6943ac974,true,false
centreon/centreon,tests/e2e/cypress/tsconfig.json,df0c1274508d097ae6a65559b8c219a6943ac974,true,false
centreon/centreon,tests/e2e/cypress/webpack.config.js,df0c1274508d097ae6a65559b8c219a6943ac974,true,false
centreon/centreon,tests/e2e/docker-compose.yml.in,df0c1274508d097ae6a65559b8c219a6943ac974,true,false
centreon/centreon,tests/e2e/package-lock.json,df0c1274508d097ae6a65559b8c219a6943ac974,true,false
centreon/centreon,tests/e2e/package.json,df0c1274508d097ae6a65559b8c219a6943ac974,true,false
centreon/centreon,tests/end_to_end/.gitignore,df0c1274508d097ae6a65559b8c219a6943ac974,true,false
centreon/centreon,tests/end_to_end/cypress.json,df0c1274508d097ae6a65559b8c219a6943ac974,true,false
centreon/centreon,tests/end_to_end/cypress/.eslintrc.json,df0c1274508d097ae6a65559b8c219a6943ac974,true,false
centreon/centreon,tests/end_to_end/cypress/README.md,df0c1274508d097ae6a65559b8c219a6943ac974,true,false
centreon/centreon,tests/end_to_end/cypress/build-docker-compose.js,df0c1274508d097ae6a65559b8c219a6943ac974,true,false
centreon/centreon,tests/end_to_end/cypress/fixtures/users/admin.json,df0c1274508d097ae6a65559b8c219a6943ac974,true,false
centreon/centreon,tests/end_to_end/cypress/integration/Login.feature,df0c1274508d097ae6a65559b8c219a6943ac974,true,false
centreon/centreon,tests/end_to_end/cypress/integration/Login/login.ts,df0c1274508d097ae6a65559b8c219a6943ac974,true,false
centreon/centreon,tests/end_to_end/cypress/plugins/index.ts,df0c1274508d097ae6a65559b8c219a6943ac974,true,false
centreon/centreon,tests/end_to_end/cypress/start-env.sh,df0c1274508d097ae6a65559b8c219a6943ac974,true,false
centreon/centreon,tests/end_to_end/cypress/stop-env.sh,df0c1274508d097ae6a65559b8c219a6943ac974,true,false
centreon/centreon,tests/end_to_end/cypress/support/commands.ts,df0c1274508d097ae6a65559b8c219a6943ac974,true,false
centreon/centreon,tests/end_to_end/cypress/support/index.ts,df0c1274508d097ae6a65559b8c219a6943ac974,true,false
centreon/centreon,tests/end_to_end/cypress/tsconfig.json,df0c1274508d097ae6a65559b8c219a6943ac974,true,false
centreon/centreon,tests/end_to_end/cypress/webpack.config.js,df0c1274508d097ae6a65559b8c219a6943ac974,true,false
centreon/centreon,tests/end_to_end/package-lock.json,df0c1274508d097ae6a65559b8c219a6943ac974,true,false
centreon/centreon,tests/end_to_end/package.json,df0c1274508d097ae6a65559b8c219a6943ac974,true,false
centreon/centreon,src/Centreon/Domain/Monitoring/CommandLineTrait.php,e2107f772903218ccda213a5811dd27b8c1d133c,true,false
cetera-labs/cetera-cms,cms/twig_templates/widgets/paginator/infinite-auto.twig,caadd543a40075282735db59d8a5083465146c86,true,false
cogentParadigm/Starbug,core/app/script/generate.php,b140c9488f3b3e6e2bead62e136f342e151013d9,true,false
cogentParadigm/Starbug,core/app/templates/layout.html.twig,c7e3d45dd5674f80e03731cb892e7a46eebc75dd,true,false
composer/composer,src/Composer/Package/Archiver/ZipArchiver.php,5c4e1cedb24b3e7f45ee4a5e213fc30635bb2eb0,true,false
composer/composer,src/Composer/Platform/Version.php,74b231a4bc5b20f9674cb5ce5c63171400de40ca,true,false
composer/composer,tests/Composer/Test/Autoload/Fixtures/classmap/InvalidUnicode.php,8cd2d0e54193a11753d47cff665a447580f42a13,true,false
composer/composer,src/Composer/Repository/PearRepository.php,8ce0ea300e72e6528670e7cd4e8d2781fe6adae1,true,false
composer/composer,src/Composer/Downloader/PathDownloader.php,91a1a471dbb6de6708ede5fbc81c6adca82e3049,true,false
composer/composer,tests/Composer/Test/Util/UrlTest.php,c65bd832d6529a542ad5f74d0e49d3353f8632c8,true,false
composer/packagist,templates/macros.html.twig,42040219fa9dd5024bf7068fde9f5d710d559e0e,true,false
composer/packagist,src/Package/Updater.php,ac33f5440000483658bd298ef8fd368023d2ae54,true,false
composer/packagist,templates/package/view_package.html.twig,cf0c3ea43b903e5fc7103c0655c01799647cbb36,true,false
cosnics/cosnics,src/Chamilo/Core/Repository/ContentObject/Introduction/Common/IntroductionDifference.php,b9bedb12cd2db395d32c52635553270bf0336f55,true,false
cross-solution/YAWIK,module/Applications/src/Repository/Filter/PaginationQuery.php,6292f69bcf3e117de702a3cf6535c69d162780c5,true,false
cross-solution/YAWIK,module/Applications/src/Service/UploadHandler.php,6d2a74b55ccce0a54e84869f58eef3c88487546f,true,false
cviebrock/laravel-elasticsearch,src/Factory.php,626e428497a87bb96d743fa40a25620d24225a4b,true,false
dadajuice/zephyrus,src/Zephyrus/Network/Router.php,439bab359fb92bacb8c9a305607cb6daee0f4e82,true,false
danog/MadelineProto,vendor-bin/check/composer.json,957c6b1228cdc7bab914c7cad08022ff5824d8b4,true,false
danog/MadelineProto,src/danog/MadelineProto/Loop/Connection/PingLoop.php,f3733fa40cb89b47a05cdbf152025f5411eba011,true,false
data-quest/EvasysPlugin,views/profile/bulkedit.php,3872862389c9cadb0b9c91ca3bb601f88216838b,true,false
deployphp/deployer,contrib/cloudflare.php,1537a766fa0afee44fc509c0a2beeae80ea43321,true,false
deployphp/deployer,recipe/deploy/shared.php,fef85caf5f5f39b40c8f7848f77726973dc6cc63,false,true
dereuromark/cakephp-queue,templates/Admin/Queue/processes.php,bc2d48728ebde8291aada39faa725d7fe86bbd1d,true,false
devcode-it/openstamanager,modules/partitario/actions.php,35c582c3d8bbc82e1c0449a12d9a6943faf51fa5,true,false
devcode-it/openstamanager,plugins/exportFE/src/Validator.php,3937368ca3298a281022c9f3dea1e1a80fe772e5,true,false
devcode-it/openstamanager,plugins/importFE/generate.php,50d28dde7b8b3ee7dd1b8fbff047125f3eebb5b6,true,false
devcode-it/openstamanager,modules/aggiornamenti/src/UpdateHook.php,75c745eb4134ae74e1557fc5a130f49595f637e4,true,false
devcode-it/openstamanager,include/init/update.php,e7a889a9dbcf45fdab109241e941f7390ebd0532,true,false
dewawi/dewawi,application/modules/items/forms/Item.php,13a5dbfab9ecb5f074363535532f52ae45cf37af,true,false
dimaninc/di_core,php/src/diCore/Entity/News/Model.php,28feffdc727c5e9fee324f7c97b6bd5634ec11d2,true,false
doctrine/mongodb-odm,lib/Doctrine/ODM/MongoDB/Query/Filter/BsonFilter.php,1541ac18d389eef363722992eacbfcbf6abeabac,true,false
doctrine/mongodb-odm,lib/Doctrine/ODM/MongoDB/Configuration.php,e6639b589acd2f57cff47ef451a5d9a4b3e7b3a5,true,false
dotmailer/dotmailer-magento2-extension,Model/Connector/Order.php,43022a809004b4ae1de6f90e989e0b442f42edcb,true,false
dotmailer/dotmailer-magento2-extension,view/frontend/web/js/webBehaviorTracking.js,8c223862ca7fbce0d1e24b142ff2b5db86e3fbf7,true,false
easy-wi/developer,template/New/user/userpanel_home.tpl,1b710af6f0297c5fe9ec0d95db0fb658de7178b0,true,false
easy-wi/developer,template/New/admin/admin_home.tpl,688abea31732914ee79b9b6e715a5b857e0926d1,true,false
edno/codeception-gherkin-param,.editorconfig,52b4630de181f6a8e652234e668237ec8c720ead,false,true
edno/codeception-gherkin-param,.github/FUNDING.yml,52b4630de181f6a8e652234e668237ec8c720ead,false,true
edno/codeception-gherkin-param,tests/_support/UnitTester.php,76effebcda368d74d99b19984a6325115ecf0d8f,true,true
edno/codeception-gherkin-param,tests/unit.suite.dist.yml,76effebcda368d74d99b19984a6325115ecf0d8f,true,true
eduVPN/vpn-user-portal,web/well-known.php,dec20aaf72ce220a7b37258a12117746167b022e,true,false
edzima/VestraTele,common/helpers/StringHelper.php,ef2fd62eba7ecdb0ba819b2a8e3a75d092896dc4,false,true
ekyna/Commerce,Customer/Import/AddressImporter.php,6242314ebb25cbb4842751a4417c23d29eefc163,true,false
ekyna/ProductBundle,Form/Type/ProductSearchType.php,c3eb8288e6934981324238a42a3d8f4ac4974de6,true,false
ekyna/ProductBundle,Resources/config/routing/front/account/product.yml,c3eb8288e6934981324238a42a3d8f4ac4974de6,true,false
ekyna/ProductBundle,Service/Commerce/ProductFilter.php,c8dce757149baf6aa6f1b0c8059a907f88b7a102,true,false
engelsystem/engelsystem,tests/Unit/Renderer/Twig/Extensions/AssetsTest.php,4825c2de2b4b71ea92aa594d4916fd355a4f18c2,true,false
espocrm/espocrm,application/Espo/Core/Utils/Preload.php,0739e9f65559897a50602d635f842fd6da9ca8d2,true,false
espocrm/espocrm,application/Espo/Services/Record.php,239c533137e8f8b2cc8f8db852dcb5e7ae1d33fb,true,false
espocrm/espocrm,client/src/views/fields/array.js,26d411c94daf6e6d926bca83ad94e8e033b5dab1,true,false
espocrm/espocrm,application/Espo/Controllers/Admin.php,2ca6870c6a7b1cc6213a0dcab76ce174be96c655,true,false
espocrm/espocrm,application/Espo/Modules/Crm/Classes/FormulaFunctions/ExtGroup/AccountGroup/FindByEmailAddressType.php,374c3786df99b914c9b261e84031b82c537cffa8,true,false
espocrm/espocrm,install/core/tpl/setupConfirmation.tpl,579c392a0975bb24dff6ed5b2c8cffa6d15bb395,true,false
espocrm/espocrm,application/Espo/Core/Webhook/Queue.php,58ffd93961ee67a9526c812245c0f4044bf25231,true,false
espocrm/espocrm,application/Espo/Core/Formula/Functions/ExtGroup/PdfGroup/GenerateType.php,5a24771d3c02ff39aadd2e384198e88708d85fdf,true,false
espocrm/espocrm,client/src/views/import/detail.js,7bfd268793a5814157f51d58f95633b539c7e281,true,false
espocrm/espocrm,application/Espo/Core/Mail/Parsers/MailMimeParser.php,894f99aa661f15d1c3af6eaca864761b8da259dd,true,false
espocrm/espocrm,application/Espo/Core/Api/ErrorOutput.php,8d3ae2ef00adfb64922cf1123bd41bb81c5c17a7,false,true
espocrm/espocrm,application/Espo/Tools/Pdf/ContentsString.php,973910b8374a46ab048287d5d5cce4291640f840,true,false
espocrm/espocrm,client/src/views/settings/record/edit.js,a40c9d2b11cfd5a8e69ab52b5d14b534b897a682,true,false
espocrm/espocrm,application/Espo/Services/RecordTree.php,b4d0343992c3bcaa1a88fd1812347b71e05f89f6,true,false
espocrm/espocrm,application/Espo/Tools/LeadCapture/LeadCapture.php,d660137e7e153039040769f36b94235739f35870,false,true
espocrm/espocrm,client/src/views/site/navbar.js,e13d0248aec50ab2e75840e2c64139ed9952bac9,true,false
espocrm/espocrm,frontend/less/espo-vertical/variables.less,e13d0248aec50ab2e75840e2c64139ed9952bac9,true,false
espocrm/espocrm,client/src/views/fields/wysiwyg.js,e8451f9648c92f2ecf798ab7c38b60028387c317,true,false
espocrm/espocrm,tests/unit/Espo/Core/Record/CreateParamsFetcherTest.php,ee2a3c9beae604937f97d293355df5968cea059e,true,false
espocrm/espocrm,application/Espo/Services/Metadata.php,ef13bffcb95367ee7c954a84c719c71f9a46066f,true,false
espocrm/espocrm,client/src/views/record/search.js,f47ead51cad7b5e404d2f3a0107a5f6289d309b7,true,false
esprange/kleistad,includes/class-dagdelenkaart.php,645a0985fbbff81fc06fceda5b41cf20aa1e15c0,true,false
etraxis/etraxis,tests/Security/OAuth2/AzureAuthenticatorTest.php,1f0d06592ed67a5dba57982d0567b64e0bae27d6,true,false
etraxis/etraxis,tests/Security/OAuth2/GitHubAuthenticatorTest.php,1f0d06592ed67a5dba57982d0567b64e0bae27d6,true,false
etraxis/etraxis,tests/Security/OAuth2/GoogleAuthenticatorTest.php,1f0d06592ed67a5dba57982d0567b64e0bae27d6,true,false
etraxis/etraxis,tests/TransactionalTestCase.php,1f0d06592ed67a5dba57982d0567b64e0bae27d6,true,false
eveseat/eveapi,src/Jobs/Corporation/Roles.php,b8c46f16e6050a383c67b6852c8df9f32f008b1d,true,false
flarum/tags,views/frontend/content/tag.blade.php,6a4e9d10971c5230e4d0a53a8b1a294802eb962c,true,false
foodcoopshop/foodcoopshop,plugins/Admin/templates/Sliders/index.php,763c753abf23591b6dbc0fab9f661e2dd528e2ec,true,false
foodcoopshop/foodcoopshop,config/Migrations/20210922154148_RemoveUnusedQueueTable.php,a4a44818687b19f277cb034d23822458d0dc19eb,false,true
fossology/fossology,src/lib/php/Report/ClearedGetterCommon.php,981934c0f963cfcd26929b74435b0ab669744e22,true,false
fossology/fossology,src/www/ui/page/UploadVcsPage.php,f28d1ce947a1b77c58c28d326312936394158050,true,false
galette/plugin-auto,lib/GaletteAuto/Controller.php,c5971b246ced522e04199113e0190c321cce53ea,true,false
geminorum/gnetwork,includes/Modules/User.php,0ac851a2ddbf9e78882338632fd6f5fd9aac7ac1,true,false
gjb2048/moodle-format_topcoll,.gitattributes,b4f7cd57addbd830a3657c85624a74c3c0db0385,true,true
gjb2048/moodle-format_topcoll,tests/PHPUNIT_COMMANDS.txt,b4f7cd57addbd830a3657c85624a74c3c0db0385,true,true
gjb2048/moodle-format_topcoll,tests/courseformatlib_test.php,b4f7cd57addbd830a3657c85624a74c3c0db0385,true,true
gjb2048/moodle-format_topcoll,tests/courseformattoolbox_test.php,b4f7cd57addbd830a3657c85624a74c3c0db0385,true,true
gjb2048/moodle-format_topcoll,tests/format_topcoll_courseformatlib_test.php,b4f7cd57addbd830a3657c85624a74c3c0db0385,true,true
gjb2048/moodle-format_topcoll,tests/format_topcoll_courseformattoolbox_test.php,b4f7cd57addbd830a3657c85624a74c3c0db0385,true,true
gjb2048/moodle-format_topcoll,tests/format_topcoll_privacy_provider_test.php,b4f7cd57addbd830a3657c85624a74c3c0db0385,true,true
gjb2048/moodle-format_topcoll,tests/format_topcoll_togglelib_test.php,b4f7cd57addbd830a3657c85624a74c3c0db0385,true,true
gjb2048/moodle-format_topcoll,tests/phpu_data/test_print_multiple_section_page_css.txt,b4f7cd57addbd830a3657c85624a74c3c0db0385,true,true
gjb2048/moodle-format_topcoll,tests/privacy_provider_test.php,b4f7cd57addbd830a3657c85624a74c3c0db0385,true,true
gjb2048/moodle-format_topcoll,tests/togglelib_test.php,b4f7cd57addbd830a3657c85624a74c3c0db0385,true,true
googleapis/gapic-generator-php,src/Generation/ResourcesGenerator.php,2d5ef5853544d58de2b6fdd5cb8335c38174af23,true,false
googleapis/gapic-generator-php,tests/Integration/goldens/compute_small/src/V1/resources/addresses_rest_client_config.php,2d5ef5853544d58de2b6fdd5cb8335c38174af23,true,false
googleapis/gapic-generator-php,tests/Integration/goldens/dataproc/src/V1/resources/cluster_controller_rest_client_config.php,2d5ef5853544d58de2b6fdd5cb8335c38174af23,true,false
googleapis/gapic-generator-php,tests/Integration/goldens/dataproc/src/V1/resources/job_controller_rest_client_config.php,2d5ef5853544d58de2b6fdd5cb8335c38174af23,true,false
googleapis/gapic-generator-php,tests/Integration/goldens/kms/src/V1/resources/key_management_service_rest_client_config.php,2d5ef5853544d58de2b6fdd5cb8335c38174af23,true,false
googleapis/gapic-generator-php,tests/Integration/goldens/logging/src/V2/resources/config_service_v2_rest_client_config.php,2d5ef5853544d58de2b6fdd5cb8335c38174af23,true,false
googleapis/gapic-generator-php,tests/Integration/goldens/redis/src/V1/resources/cloud_redis_rest_client_config.php,2d5ef5853544d58de2b6fdd5cb8335c38174af23,true,false
googleapis/gapic-generator-php,tests/Integration/goldens/securitycenter/src/V1/resources/security_center_rest_client_config.php,2d5ef5853544d58de2b6fdd5cb8335c38174af23,true,false
googleapis/gapic-generator-php,tests/Integration/goldens/talent/src/V4beta1/resources/job_service_rest_client_config.php,2d5ef5853544d58de2b6fdd5cb8335c38174af23,true,false
googleapis/gapic-generator-php,tests/Unit/ProtoTests/BasicDiregapic/out/src/resources/library_service_rest_client_config.php,2d5ef5853544d58de2b6fdd5cb8335c38174af23,true,false
googleapis/gapic-generator-php,tests/Unit/ProtoTests/RoutingHeaders/out/src/resources/routing_headers_rest_client_config.php,2d5ef5853544d58de2b6fdd5cb8335c38174af23,true,false
googleapis/gapic-generator-php,src/Utils/ProtoCatalog.php,54cb96af367aa74f192fd54f02918e5cb10126d1,true,false
googleapis/gapic-generator-php,tests/Unit/Utils/ProtoHelpersTest.php,54cb96af367aa74f192fd54f02918e5cb10126d1,true,false
googleapis/gapic-generator-php,tests/Unit/Utils/catalog.proto,54cb96af367aa74f192fd54f02918e5cb10126d1,true,false
googleapis/google-cloud-php,dev/src/DocGenerator/DocGenerator.php,069468fa937f659dec6f55dbeab35a8b88875f34,true,false
googleapis/google-cloud-php,Trace/src/V2/Gapic/TraceServiceGapicClient.php,d50bc2f543c067354f90a7c060190f050d2ae96d,true,false
googleapis/google-cloud-php,Trace/synth.metadata,d50bc2f543c067354f90a7c060190f050d2ae96d,true,false
googleapis/google-cloud-php-spanner,composer.json,5c852689850d092db2b30e8730042b3c61391a89,false,true
googleapis/google-cloud-php-spanner,src/Bytes.php,5c852689850d092db2b30e8730042b3c61391a89,false,true
hiqdev/hiapi,src/Http/Psr15/Middleware/CorsMiddleware.php,6902ebd09d1f972dbe34a561f339d8236e909d36,true,false
hubzero/hubzero-cms,core/components/com_installer/admin/language/en-GB/en-GB.com_installer.ini,1385dea22de6ed9be2ce803655fda3f0e42311bf,true,true
hubzero/hubzero-cms,core/components/com_installer/admin/models/forms/customexts.xml,1385dea22de6ed9be2ce803655fda3f0e42311bf,true,true
hubzero/hubzero-cms,core/components/com_installer/admin/views/customexts/tmpl/edit.php,1385dea22de6ed9be2ce803655fda3f0e42311bf,true,true
hubzero/hubzero-cms,core/components/com_members/models/registration.php,27c78063aa292018b2faa6641f0c12eed6c2d347,true,false
hubzero/hubzero-cms,core/components/com_publications/admin/publications.php,2977b3752eaf9b0a49b0c773d7009bcc26ebc3e9,true,false
hubzero/hubzero-cms,core/plugins/groups/members/members.php,2c4be2555a079bb68f2bf3b7fc003654f6e96f02,true,false
iamcal/oembed,www/index.php,d028b39f08132982b1f7fc7bab8beb77323ad392,true,false
ilrWebServices/ilr,web/modules/custom/collection_item_path/src/EventSubscriber/CollectionItemPathSubscriber.php,7de0fe4044a864cc9310be5e103db0ddf6b240df,true,false
imbo/imbo,src/EventListener/ImageVariations/Storage/Filesystem.php,0aa7d99f0a8e0d8d6932865619d595db45bb1aee,false,true
imbo/imbo,tests/EventListener/ImageVariations/Storage/FilesystemTest.php,0aa7d99f0a8e0d8d6932865619d595db45bb1aee,false,true
imbo/imbo,features/access-control.feature,633b68db2b8e7ce9688bdce31dc165a7b533582f,true,false
imbo/imbo,features/bootstrap/imbo-configs/custom-access-control.php,633b68db2b8e7ce9688bdce31dc165a7b533582f,true,false
imbo/imbo,src/Helpers/BSONToArray.php,7179eebbecf475a17b20e341ebed8f6d15809276,false,true
imbo/imbo,tests/Helpers/BSONToArrayTest.php,7179eebbecf475a17b20e341ebed8f6d15809276,false,true
imbo/imbo,src/Image/Transformation/Icc.php,81ad52c762689c9dd2a3235872e9de904df2c55d,true,false
imbo/imbo,tests/ResourceTest.php,93aeeb85ce08c862358948dbc3c1e6517f4d5390,true,false
imbo/imbo,src/Helpers/Urls.php,a50ddddb8ae8ae60b30a2d5e25a8dc76e3374590,false,true
imbo/imbo,tests/Helpers/UrlsTest.php,a50ddddb8ae8ae60b30a2d5e25a8dc76e3374590,false,true
imbo/imbo,public/index.php,a7b3c9fdfc22fb4db724b730548f182afde78d37,true,false
imbo/imbo,tests/EventListener/ImageVariations/Database/MongoDBTest.php,ad5b2f8e2106929ce485ce9ea18f122aef30e9a7,false,true
imbo/imbo,tests/EventListener/ImageVariations/Storage/StorageTests.php,ad5b2f8e2106929ce485ce9ea18f122aef30e9a7,false,true
imbo/imbo,tests/Storage/StorageTests.php,ad5b2f8e2106929ce485ce9ea18f122aef30e9a7,false,true
imgag/megSAP,src/Tools/qbic_copy.php,80ce0deb76a9d144bf7a0c016e2832fe3303b18b,true,false
imgag/megSAP,src/Pipelines/annotate.php,8612c07ebaa9e2567cbe4c61f1203c229bb543a4,true,false
imgag/megSAP,src/NGS/db_update_queue.php,9a61fec5751f468bacf866d67dbea5ad013e22a7,true,false
imgag/megSAP,test/data/db_update_queue_out1.txt,9a61fec5751f468bacf866d67dbea5ad013e22a7,true,false
imgag/megSAP,data/download_tools_somatic.sh,9d5bd2c2c01331cf4e7cf5811b269adddbfc693e,true,false
imgag/megSAP,test/data_cfdna/CFDNA_01_monitoring.vcf,9d5bd2c2c01331cf4e7cf5811b269adddbfc693e,true,false
imgag/megSAP,src/NGS/an_vep.php,ee5830f0572f0b5d797e96c616abf3afcfcc492a,true,false
inc2734/snow-monkey,src/css/block-library/_wp-block-archives/_wp-block-archives.scss,05885228768bb47fe40f0b8d0cb4062a1aa447e0,true,false
inc2734/snow-monkey,src/css/block-library/_wp-block-categories/_wp-block-categories.scss,05885228768bb47fe40f0b8d0cb4062a1aa447e0,true,false
inc2734/snow-monkey,src/css/block-library/_wp-block-image/_wp-block-image.scss,05885228768bb47fe40f0b8d0cb4062a1aa447e0,true,false
inc2734/snow-monkey,src/css/block-library/_wp-block-latest-comments/_wp-block-latest-comments.scss,05885228768bb47fe40f0b8d0cb4062a1aa447e0,true,false
inc2734/snow-monkey,src/css/block-library/_wp-block-latest-posts/_wp-block-latest-posts.scss,05885228768bb47fe40f0b8d0cb4062a1aa447e0,true,false
inc2734/snow-monkey,src/css/block-library/_wp-block-rss/_wp-block-rss.scss,05885228768bb47fe40f0b8d0cb4062a1aa447e0,true,false
inc2734/snow-monkey,src/css/block-library/_wp-block-search/_wp-block-search.scss,05885228768bb47fe40f0b8d0cb4062a1aa447e0,true,false
inc2734/snow-monkey,src/css/object/component/_entry/_entry.scss,05885228768bb47fe40f0b8d0cb4062a1aa447e0,true,false
inc2734/snow-monkey,app/setup/iframe.php,9a9c7befa206603a54aef80ad990b35629dc495e,true,false
inc2734/snow-monkey,app/customizer/static-front-page/controls/home-page-content-padding.php,a6ab375079c8a95528488aa504e31b396dd1fec1,true,false
inc2734/snow-monkey,app/setup/dependency/snow-monkey-blocks.php,dd38af8a4e4ebcf279b946520749cb57eca99084,true,false
inc2734/snow-monkey,src/css/dependency/snow-monkey-blocks/section/_editor.scss,dd38af8a4e4ebcf279b946520749cb57eca99084,true,false
inex/IXP-Manager,resources/views/services/lg/routes.foil.php,1b650ad76c7da5a1ffa9a88b908a22abf9fe7d29,true,false
inex/IXP-Manager,app/Models/SwitchPort.php,33f0f57c464c30b35a82ed40558be9025d55d847,true,true
inex/IXP-Manager,app/Models/Aggregators/PatchPanelPortAggregator.php,387e2c1a677173bf7031469b6d4705779cdf15f9,true,false
inex/IXP-Manager,app/Models/Aggregators/UserAggregator.php,5cd926bb5f3be08bf34f406b81c6f72415e797c6,true,false
inex/IXP-Manager,app/Http/Controllers/LogController.php,ad22f4afa4f8feeb4f5564a3398ab1ff1daeb72f,true,false
inex/IXP-Manager,app/Http/Controllers/Api/V4/SwitchController.php,cd21e1d96df2bfd0efb3f2081a5f757bfc8b5125,true,false
inex/IXP-Manager,resources/views/customer/overview-tabs/overview.foil.php,fee4a435e6590c7d37392adee69e5de237279c3d,true,false
jasonmunro/cypht,.gitignore,6cfd508ae30cd8919a90189b1a8cd9b2ffcc0e94,true,false
jegelstaff/formulize,modules/formulize/include/extract.php,cdb1d17cb23a18c0c4811fe437661be070b17f0d,false,true
jimwins/scat,db/migrations/20210924174456_add_shipment_ship_district_method.php,6ac3bc883b5db71a20f91d04342647977d4496d7,false,true
jimwins/scat,db/migrations/20210924183832_fix_shipment_handling_instructions.php,d5c8f053f024cd4fcaa855422321b1551c9c128a,true,false
jkauflin/hoadb,salesUpload.php,73f7e5beb29afd322d459a3f7ea37f83690fae86,true,false
jonsito/AgilityContest,agility/server/tools.php,0c942ff1f9b9317bdb4d40f177ea7782b15643ca,true,false
jonsito/AgilityContest,agility/scripts/import.js.php,52fb5af3ea452a0e718de6c96f13bf1f7a7d2df2,true,false
jonsito/AgilityContest,agility/lib/jquery-easyui-1.4.2/demo/tooltip/customstyle.html,c099bce009965e9ff34541605c271dc8782e3e5b,true,false
joomla/joomla-cms,administrator/components/com_privacy/tmpl/capabilities/default.php,10f3144f9511499b865033f5d73bebaed065bfd4,true,false
joomla/joomla-cms,build/media_source/com_media/js/edit-images.es6.js,1d9d08da71f3f82d24b70c3863076ee0cb27b6ef,true,false
joomla/joomla-cms,administrator/templates/atum/html/layouts/status.php,31ce0de77e4ca5c4a9b781aa9adfef72c8b81245,true,false
joomla/joomla-cms,libraries/src/Console/ExtensionDiscoverCommand.php,4f83a9dddbc997ae3b1e1c14e8baf7b42d5b9670,false,true
joomla/joomla-cms,components/com_contact/src/View/Contact/HtmlView.php,69243ddd8f2c87d604eb9c9b3da7a8815fb1e69b,true,false
joomla/joomla-cms,administrator/components/com_joomlaupdate/src/Controller/DisplayController.php,70d42a3cce8fb2504774695e0a98ba32298cee93,true,false
joomla/joomla-cms,libraries/src/Console/ExtensionDiscoverListCommand.php,7abb409ead4b13c4d2643ffed9392265275fcd35,false,true
joomla/joomla-cms,administrator/modules/mod_logged/tmpl/disabled.php,7e49a2fc36bd7b93bcfcb19f3c99902ce71c566a,true,false
joomla/joomla-cms,administrator/components/com_users/tmpl/user/edit.php,862524e3236ea5105822e36becb228ddf93a2b1e,true,false
joomla/joomla-cms,templates/cassiopeia/html/mod_menu/collapse-metismenu.php,b438be7a971fe6ed939515f05862342460eae5b7,true,false
joomla/joomla-cms,templates/cassiopeia/scss/blocks/_footer.scss,b438be7a971fe6ed939515f05862342460eae5b7,true,false
joomla/joomla-cms,templates/cassiopeia/scss/blocks/_form.scss,b438be7a971fe6ed939515f05862342460eae5b7,true,false
joomla/joomla-cms,templates/cassiopeia/scss/blocks/_global.scss,b438be7a971fe6ed939515f05862342460eae5b7,true,false
joomla/joomla-cms,templates/cassiopeia/scss/blocks/_header.scss,b438be7a971fe6ed939515f05862342460eae5b7,true,false
joomla/joomla-cms,templates/cassiopeia/scss/blocks/_modifiers.scss,b438be7a971fe6ed939515f05862342460eae5b7,true,false
joomla/joomla-cms,templates/cassiopeia/scss/blocks/_toolbar.scss,b438be7a971fe6ed939515f05862342460eae5b7,true,false
joomla/joomla-cms,templates/cassiopeia/scss/vendor/_awesomplete.scss,b438be7a971fe6ed939515f05862342460eae5b7,true,false
joomla/joomla-cms,templates/cassiopeia/scss/vendor/bootstrap/_buttons.scss,b438be7a971fe6ed939515f05862342460eae5b7,true,false
joomla/joomla-cms,templates/cassiopeia/scss/vendor/bootstrap/_forms.scss,b438be7a971fe6ed939515f05862342460eae5b7,true,false
joomla/joomla-cms,templates/cassiopeia/scss/vendor/metismenu/_metismenu.scss,b438be7a971fe6ed939515f05862342460eae5b7,true,false
joomla/joomla-cms,administrator/templates/atum/html/layouts/chromes/well.php,b99e734893b9f416210a8a612a3497196550db0b,true,false
joomla/joomla-cms,administrator/templates/atum/scss/pages/_com_cpanel.scss,b99e734893b9f416210a8a612a3497196550db0b,true,false
joomla/joomla-cms,administrator/components/com_privacy/tmpl/consents/default.php,bf33df9801d82c1bd6b201b0f38a21ed50e257bb,true,false
joomla/joomla-cms,administrator/components/com_users/tmpl/users/default.php,e7d879e5a197c0e48bf879e032d23ee574849179,false,true
joomla/joomla-cms,libraries/src/Form/Rule/FolderPathExistsRule.php,faf0443194bd894cf60882393f3d4ec975251f7f,false,true
joszz/Chell-PHP-Portal,css/default.scss,e5d769cba0d7b58640b545508f02e0bb2b4fcda5,true,false
julien-boudry/Condorcet,Dev/bugs/JitBug.php,31093192e8fa21e1ec64a9668940980e244b3358,true,false
k42b3/fusio-impl,src/EventListener/WorkerListener.php,48160892e647d0307fabbcc7355b3bc897c86303,true,false
k42b3/fusio-impl,src/Worker/Action/WorkerAbstract.php,7bcfb67585e52633fc47d6358b65adbd7ed89506,true,false
kanboard/kanboard,app/Locale/fa_IR/translations.php,d5d655c10af45191545e708a73062f54bcb8db91,true,false
kerrytru/Screen-Squid,lib/functions/function.database.php,4d0eb50ddf174202ecb4fcaeebbda2d6d816eb50,true,false
krystal-framework/krystal.framework,src/Krystal/Security/Filter.php,61550968836c42b8bb4fbefd161a67a6bbae4c34,true,false
krystal-framework/krystal.framework,src/Krystal/Image/Processor/GD/ImageFile.php,7714350bd5e2f17a1d9748c3c3a35d1a4f498f8f,true,false
kujirahand/konawiki3,kona3engine/plugins/nako3/lib.inc.php,5003f0702be2c541e0ec2ce816697106111ba524,true,false
kujirahand/konawiki3,kona3engine/plugins/nako3doc.inc.php,9c5b0ad7e725a55148ff13b7581b114c0b56b095,true,false
kujirahand/nako3storage,.htaccess,351675a47d9f9dbb904f1f48ec021cb23e5a2a18,true,false
laravel/tinker,src/ClassAliasAutoloader.php,5711c72a012a6600fc162a9c9ebbf268f1591aa5,true,false
laravel/tinker,src/Console/TinkerCommand.php,e0787e84cbbe89f0a17ea0060440a35879e4b877,false,true
levmorozov/mii,src/console/Controller.php,5d9afca620955ac67ccb5b9bdb9652cda6693c07,true,false
levmorozov/mii,src/core/Router.php,5daa28e38c9b92bfe30bcde814ab27126a7e4ba8,true,false
levmorozov/mii,src/console/controllers/Assets.php,aaa14340977d21578029b7ea36dcedc1c3f57082,true,false
librenms/librenms,LibreNMS/Exceptions/DatabaseInconsistentException.php,07415ced770d1924bc72a26b650235866cf604c8,true,false
librenms/librenms,includes/html/pages/device/edit/services.inc.php,1fcf58a7a4748a96acbd8e6857d75a53c7b8c364,true,false
librenms/librenms,routes/console.php,43cd9b0c791eaa5161ce6a819d0661dc6ba3db6d,true,false
librenms/librenms,includes/syslog.php,4609da6db2c9082996690a00209284a1e8fa490e,true,false
librenms/librenms,includes/polling/sensors/current/ict-pdu.inc.php,500a6997979bd4db5319b776cefb4a3079305d01,true,false
librenms/librenms,tests/data/ict-pdu.json,500a6997979bd4db5319b776cefb4a3079305d01,true,false
librenms/librenms,tests/data/ict-pdu_ict200db-12irc.json,500a6997979bd4db5319b776cefb4a3079305d01,true,false
librenms/librenms,tests/snmpsim/ict-pdu_ict200db-12irc.snmprec,500a6997979bd4db5319b776cefb4a3079305d01,true,false
librenms/librenms,syslog.php,64e91aa809cbbb527822e209518919892f03d3aa,false,true
librenms/librenms,LibreNMS/OS/Teldat.php,9eecca51c7e77e84bcf8c1f93e20be55edf3a285,true,false
librenms/librenms,mibs/teldat/TELDAT-MON-INTERF-CELLULAR-MIB,9eecca51c7e77e84bcf8c1f93e20be55edf3a285,true,false
librenms/librenms,mibs/teldat/TELDAT-MON-INTERF-WLAN-MIB,9eecca51c7e77e84bcf8c1f93e20be55edf3a285,true,false
librenms/librenms,tests/data/teldat_rs123w-4g.json,9eecca51c7e77e84bcf8c1f93e20be55edf3a285,true,false
librenms/librenms,tests/data/teldat_tv-base-vdsl2-adsl.json,9eecca51c7e77e84bcf8c1f93e20be55edf3a285,true,false
librenms/librenms,tests/snmpsim/teldat_rs123w-4g.snmprec,9eecca51c7e77e84bcf8c1f93e20be55edf3a285,true,false
librenms/librenms,tests/snmpsim/teldat_tv-base-vdsl2-adsl.snmprec,9eecca51c7e77e84bcf8c1f93e20be55edf3a285,true,false
librenms/librenms,includes/definitions/discovery/linux.yaml,c984cdbebc03c7f30427d5cc0968c0ec50488c4b,true,false
librenms/librenms,includes/discovery/entity-physical/linux.inc.php,c984cdbebc03c7f30427d5cc0968c0ec50488c4b,true,false
librenms/librenms,mibs/LSI-MegaRAID-SAS-MIB,c984cdbebc03c7f30427d5cc0968c0ec50488c4b,true,false
librenms/librenms,tests/data/linux_lsi.json,c984cdbebc03c7f30427d5cc0968c0ec50488c4b,true,false
librenms/librenms,tests/snmpsim/linux_lsi.snmprec,c984cdbebc03c7f30427d5cc0968c0ec50488c4b,true,false
librenms/librenms,includes/html/dev-overview-data.inc.php,e409a22e7d4655c60b1a2d6f1333c294b99c5273,true,false
librenms/librenms,LibreNMS/OS/SafIntegraX.php,eff9c134cd053d87d5129454e170b267673188af,true,false
librenms/librenms,includes/definitions/discovery/saf-integra-x.yaml,eff9c134cd053d87d5129454e170b267673188af,true,false
librenms/librenms,includes/definitions/saf-integra-b.yaml,eff9c134cd053d87d5129454e170b267673188af,true,false
librenms/librenms,includes/definitions/saf-integra-x.yaml,eff9c134cd053d87d5129454e170b267673188af,true,false
librenms/librenms,mibs/saf/SAF-INTEGRAX-MIB,eff9c134cd053d87d5129454e170b267673188af,true,false
librenms/librenms,tests/data/saf-integra-x.json,eff9c134cd053d87d5129454e170b267673188af,true,false
librenms/librenms,tests/snmpsim/saf-integra-x.snmprec,eff9c134cd053d87d5129454e170b267673188af,true,false
lionixevolve/LionixCRM,custom/lionix/js/jquery-plugins/select2-lionixcrm.js,62ac356c4072f4f1eac7247c73065aa0930beb52,false,true
llaville/php-compatinfo-db,config/container.php,ad60a328879e48c4233791b8083b72e14f12957f,true,false
llaville/php-compatinfo-db,box.json.dist,cf5e45ef516e049ae9f09401f0c357373b965156,false,true
llaville/php-compatinfo-db,phar-stub.php,cf5e45ef516e049ae9f09401f0c357373b965156,false,true
llaville/php-compatinfo-db,data/reference/extension/phar/81/const.json,d8326314b122a76a16378a08b6a74b57434436d0,true,false
ludumdare/ludumdare,src/com/dialog/login/login.js,77095e794ebaeb053983300e94769a5854326813,true,false
madbob/GASdottoNG,code/database/seeders/DemoSeeder.php,3ec134d41defa73970329277708313d00284c302,true,false
madbob/GASdottoNG,code/app/Services/MovementsService.php,52d1125111b7ee7916bfd1b764274d8d21b72fdf,true,false
mailchimp/mc-woocommerce,includes/api/assets/class-mailchimp-order.php,30eac4d285e8d32bb3ade7eef268c6b72771d057,true,false
mailcow/mailcow-dockerized,data/web/inc/functions.admin.inc.php,4d5ebafc1a3572d3abdfb73753b6444b4152ae5a,true,false
mailcow/mailcow-dockerized,data/web/autodiscover-json.php,8e736ba9b0a4d2d33bac30844a5e8756182eb0fc,true,false
maths/moodle-qtype_stack,stack/cas/connector.dbcache.class.php,efc5df49338946478f535e397a761184fe1bebed,true,false
mauserrifle/simresults,lib/Simresults/Data/Reader/RaceRoomServer.php,7aaaa0ca1e1d77448de3e7a002c74ab783e8bfe4,true,false
michaeluno/amazon-auto-links,include/core/component/test/run/tests/core/_common/utility/interpreter/rss/Test_AmazonAutoLinks_RSSClient.php,212bb3e32f435bb81c554ffe3c222d6a583e8d7f,false,true
michaeluno/amazon-auto-links,include/core/component/geotargeting/admin/AmazonAutoLinks_Geotargeting_Setting_Tab_Geotargeting.php,5c433a616812bbd825653a78d858ca190c596eb3,true,false
michaeluno/amazon-auto-links,include/core/component/test/run/tests/core/_common/utility/interpreter/ad-widget-api/Test_AmazonAutoLinks_AdWidgetAPI_Search.php,d1c789cb15a0bf511e08287d63531d5b71b7f9d0,true,false
mjh-nyc/mjh-superproject,web/app/themes/mjh/resources/views/partials/content-single-exhibition.blade.php,47ea5300d03f50d5f001b764e09ba4276a50e04b,true,false
monicahq/monica,resources/views/people/profile.blade.php,ffd0e867361d916d00b4e0d654a537a4d6f8b998,true,false
moodleuulm/moodle-theme_boost_campus,templates/full_header.mustache,c12bea835b8ca88be9635864aac006908e2ba605,true,false
moodleuulm/moodle-theme_boost_campus,templates/full_header.mustache.original,c12bea835b8ca88be9635864aac006908e2ba605,true,false
msaari/relevanssi,lib/compatibility/oxygen.php,00ad22fa4ac68c200994d2f6b7368efddf696c2a,true,true
msaari/relevanssi,lib/search-tax-query.php,57a1407257c3641cb3e9bd166d32f75f3af50696,true,true
msaari/relevanssi,lib/utils.php,77d511fb6263cf5824095589b8bc173ff5ffa6f0,true,false
msaari/relevanssi,lib/search.php,b5e93f53d4b45aac405ed3af2b0b43de2e51da5d,true,true
mybb/mybb,search.php,2da5152718ad740bf4d2648829c856a5035a9a01,true,false
mybb/mybb,admin/modules/forum/attachments.php,562f147209b951bcd3a31fb1491c7be570a51600,true,false
mybb/mybb,admin/modules/forum/management.php,70469f5ad9fae24aeb88e6cdb760f5fca0bd7713,true,false
mybb/mybb,inc/class_error.php,772ab8d2f73276cb86b13f487973c66af01073ad,true,true
mybb/mybb,inc/class_moderation.php,847c8403adc0c38def34b34ed88e17ef664eb24c,true,false
mybb/mybb,admin/modules/forum/moderation_queue.php,9ccde7033c5dcbc61ebd1f7c284f46c7e424a41a,true,false
mybb/mybb,global.php,a01583ee53a334a4c281f38f44bc7b041536ef2d,true,false
mybb/mybb,inc/functions.php,a9054f1ea383a6c950f4ff67551a02e9f92b48f5,true,false
mybb/mybb,inc/init.php,d8ce14c76980550031d54421b594cc857fd3190b,false,true
mylxsw/wizard,app/Http/Controllers/DocumentController.php,2670887703a8cbf329e4a84865d2839861cd3ec8,true,false
nabab/bbn,src/bbn/Appui/Observer.php,51985f71d11681fc710259fc0f90ff493fc3d3eb,true,false
nabeelio/phpvms,app/Http/Controllers/Admin/PirepController.php,57277c558dd8160064e87e24997909c8cba5a08b,true,false
nabeelio/phpvms,app/Services/GeoService.php,6eef246b6a52437fcd3af3df89c47728abac926f,false,true
nabeelio/phpvms,resources/views/admin/flights/fares.blade.php,91f928ecf40b258de37bf03183c729e017b8240e,true,false
nabeelio/phpvms,resources/views/admin/subfleets/fields.blade.php,bd892f5407193a71ca924fd15f1fc3cd9cea1184,true,false
nelmio/NelmioApiDocBundle,OpenApiPhp/Util.php,be014ff11b3bda210f2fe3632d94f7423330768f,true,false
nelmio/NelmioApiDocBundle,Tests/Functional/FunctionalTest.php,be014ff11b3bda210f2fe3632d94f7423330768f,true,false
nextcloud/nextcloud.com,templates/footer.php,f47e76c977758810a95130f139ead73af5a38980,true,false
nextgenthemes/advanced-responsive-video-embedder,plugins/advanced-responsive-video-embedder/php/providers.php,d7561587ebdd9d33e2a306499d84ee5ac2b46d51,true,false
nightflyza/Ubilling,api/libs/api.dealwithit.php,652f9fe8ae018884805e75f951ff4a71098b0667,true,false
omeka/omeka-s,application/view/common/asset.phtml,56512eff6133e6ff05add8e0ece77aa9bc4d6730,false,true
omeka/omeka-s,application/src/Controller/Admin/MediaController.php,ae4e0c560f5b9c89c348bb9d719b432e7a4bead8,true,false
omeka/omeka-s,application/view/omeka/admin/media/batch-edit.phtml,ae4e0c560f5b9c89c348bb9d719b432e7a4bead8,true,false
openpne/OpenPNE3,lib/model/doctrine/MemberRelationship.class.php,c9031da5e802005b18de104840bb9bae7a49e8f5,true,false
oscarotero/Embed,src/OEmbed.php,673cc5b4cef76d8108bccd0886d520e503f5557d,true,false
oscarotero/Embed,tests/fixtures/i.imgur.com.x6rkcc5.jpg.php,673cc5b4cef76d8108bccd0886d520e503f5557d,true,false
pageer/lnblog,plugins/menubar_breadcrumbs.php,da5be87f2047560869ff633634e21ac54feb3d86,true,false
palasthotel/grid-wordpress,public/classes/Post.php,ad79d0ca7d1a9d5b99b61a1efaaffac77916b17e,true,false
pdir/social-feed-bundle,src/SocialFeed/SocialFeedNewsClass.php,43d9b7021cf4b61f841ac166557653696bbb0b92,true,false
petrknap/trunk,projects/ucetnictvi/data/assets/degiro.csv.dist,834cdc8f78dc710ae8b7438129d47af11b9e215d,true,false
petrknap/trunk,projects/ucetnictvi/src/Asset/Generator.php,834cdc8f78dc710ae8b7438129d47af11b9e215d,true,false
pfsense/pfsense,src/usr/local/www/diag_backup.php,1fe2aa3e79343a9cc5b09c229d9dfbbbe2531fc9,true,false
pfsense/pfsense,src/usr/local/www/firewall_nat_edit.php,21088d3fac4073c45ea2d02e44b149843a547de3,true,false
pfsense/pfsense,src/usr/local/www/diag_defaults.php,28cef3986c014d4aaaa4f76ee0c0f67f97bf5161,true,false
pfsense/pfsense,src/usr/local/www/status_interfaces.php,35de5b66a633f45daa828a3faac9547f9d9db4b7,true,false
pfsense/pfsense,src/usr/local/www/services_acb.php,4174a8287344a9fa2577e9b6fbeeda69977fa870,true,false
pfsense/pfsense,src/etc/sshd,5d0c974dd7e369cb551aacb5f4587e400141cb7a,true,true
pfsense/pfsense,src/usr/local/www/system_usermanager.php,5d0c974dd7e369cb551aacb5f4587e400141cb7a,true,true
pfsense/pfsense,src/usr/local/www/services_dhcpv6.php,653529c381645756551dd77b4838478bbfc06e63,true,false
pfsense/pfsense,src/usr/local/www/diag_dump_states_sources.php,bca881c428cd82315cc35414017844342db630a0,true,false
pfsense/pfsense,src/usr/local/www/vendor/js-cookie/.jshintrc,c121b081144327d3239faca579f48c0328a73734,true,false
pfsense/pfsense,src/usr/local/www/vendor/js-cookie/js.cookie.js,c121b081144327d3239faca579f48c0328a73734,true,false
pfsense/pfsense,src/usr/local/www/interfaces.php,c7839f1569033d925a990a5cd28a11960849373c,true,false
pfsense/pfsense,src/usr/local/sbin/openvpn.attributes.sh,d1d8383c74465f5bb8dae6348e4bb0a7060012b3,true,false
pfsense/pfsense,src/etc/inc/config.console.inc,df945787c7b7784444381eabeeaf519361cbc2ec,false,true
pfsense/pfsense,src/usr/local/www/widgets/widgets/thermal_sensors.widget.php,df945787c7b7784444381eabeeaf519361cbc2ec,false,true
pfsense/pfsense,src/usr/local/www/xmlrpc.php,e7cac36841ba2f1fc9aad65cafe4a77c66bd61ac,true,false
pfsense/pfsense,src/usr/local/www/firewall_nat_out.php,fa7563991540f98166e2ca5e537229a7f73615d4,true,true
phacility/phabricator,src/applications/transactions/engineextension/PhabricatorSubtypeEditEngineExtension.php,1965b78b34f1946ca03063b17a1584865a272dbd,true,true
phacility/phabricator,src/applications/legalpad/query/LegalpadDocumentSearchEngine.php,3b2868e155531886361db26d92c838a74ff4fe87,true,false
phacility/phabricator,src/applications/repository/storage/PhabricatorRepository.php,b757e5c30249f066b0bd37a25e9416d0c3084ea2,true,true
phacility/phabricator,src/applications/diffusion/conduit/DiffusionHistoryQueryConduitAPIMethod.php,b9ba0418ed13aba78ea95ebee14cdbbb43cc810f,true,false
phalapi/kernal,src/DependenceInjection.php,8e5cb8665a38d63c4fe0f1baa8f8fc0a1d5eb4de,true,false
phingofficial/phing,src/Phing/Io/FileSystem.php,924fe09d165b38146ddd9ecad456aee8d790fbee,true,false
phingofficial/phing,src/Phing/Task/System/DeleteTask.php,c100f9dc55d7193d0b0656e806761e88edb4adb5,false,true
phoronix-test-suite/phoronix-test-suite,pts-core/objects/pts_ae_data.php,21dfa54bf4f86091d5b522ebb974901400efac1b,true,false
phoronix-test-suite/phoronix-test-suite,pts-core/modules/flamegrapher.php,2da63bfd0f7952ca54ec230ddf36e24a27d3698e,false,true
phoronix-test-suite/phoronix-test-suite,pts-core/objects/pts_render.php,8435e4c8b019995df002e5c5a9f20025b6fc6529,false,true
phoronix-test-suite/phoronix-test-suite,pts-core/objects/pts_Graph/pts_graph_passfail.php,8c8176c270218a93cff133d6a509718f9f69383a,true,false
phoronix-test-suite/phoronix-test-suite,pts-core/objects/pts_validation.php,bffd5fc7f59f9b16c6b8ed69d999446ff151520b,false,true
phoronix-test-suite/phoronix-test-suite,pts-core/objects/phodevi/sensors/cpu_usage.php,f2f2e0296f9efe6394c98a4efd594e5beb3540fb,true,false
php-curl-class/php-curl-class,scripts/update_readme_methods.sh,06124e84edb79804c34c99c8caf865218640fd6a,false,true
php-curl-class/php-curl-class,examples/get_relative.php,0db3c1b227aef47027ba4b4f5e31c993a5c02a60,true,false
phpstan/phpstan,e2e/bootstrap-static-reflection.php,89d21705bbbd68cfb39667afc1283a3f177d4a7b,true,false
picqer/moneybird-php-client,src/Picqer/Financials/Moneybird/Model.php,41163ee9f024af97093641cd90ca937e7f1ef6f0,true,false
pmmp/PocketMine-MP,src/pocketmine/utils/Config.php,63e86fe806771b410380fee2b8c9254f4e9bcc71,true,false
pmmp/PocketMine-MP,src/pocketmine/command/CommandReader.php,6c85d4d254325a0f745a69748ee81fddecd0f3de,true,false
polylang/polylang,composer.lock,2093c015579419a51439162c5581dbf7e66b38e2,true,false
polylang/polylang,modules/wpml/wpml-api.php,2093c015579419a51439162c5581dbf7e66b38e2,true,false
polylang/polylang,phpstan.neon.dist,2093c015579419a51439162c5581dbf7e66b38e2,true,false
polylang/polylang,include/crud-posts.php,76159620795751828328328f17ace19e5a7cc752,true,false
powerbuoy/sleek,src/sass/app.scss,1892f33f4ea0c09a91d8299a5f82fe436549e209,false,true
powerbuoy/sleek,src/sass/components/button.scss,1892f33f4ea0c09a91d8299a5f82fe436549e209,false,true
presscustomizr/customizr,core/class-fire-plugins_compat.php,2da2b203c2ec7f674a42a7d134a6027acac22cb7,true,false
presscustomizr/customizr,inc/_dev/parts/class-header-header_main.php,9fa6966e5b87d024381788772c2078cf6f211cc1,true,false
rainlab/translate-plugin,classes/EventRegistry.php,3a08bdc8c8d30fbe10de1c1e6d6ef18fb51143b8,false,true
remp2020/remp,Campaign/app/Http/Controllers/BannerController.php,1da9bfb4ff6d5b82e2e2acb4478444b940a35ddd,true,false
retailcrm/woocommerce-module,src/config/objects.xml,45193886fc3763dc2cad24d1e74174f830d44008,true,false
retailcrm/woocommerce-module,src/include/components/class-wc-retailcrm-history-assembler.php,45193886fc3763dc2cad24d1e74174f830d44008,true,false
rockettheme/toolbox,Blueprints/src/BlueprintSchema.php,550f496bf28f81ffc1c228abb72d9af3dcbff072,true,false
rockettheme/toolbox,tests/phpstan/phpstan.neon,badba639a797b38efc204b539136789359897c83,true,false
roundcube/roundcubemail,.github/run.sh,16c2a76fed63d75986dd0b4e018e3fa264dd43be,true,false
roundcube/roundcubemail,tests/Framework/Mime.php,b60e6188f32176b9e1565d68a94f30e032d031a6,true,false
salesagility/SuiteCRM,themes/SuiteP/include/EditView/EditView.tpl,2c77b1280b86b27b494f0e0c0d41612878289e96,true,false
salesagility/SuiteCRM,Api/V8/Config/services/middlewares.php,43a07c45d66a899264e0add4abae5c70f0d731e3,true,false
salesagility/SuiteCRM,modules/SecurityGroups/metadata/detailviewdefs.php,6c07fba35f9be2f3fd7c2a9de9c346d7b11e7873,true,false
salesagility/SuiteCRM,modules/Emails/include/ComposeView/EmailsComposeView.js,e6a8859f7f2034eebcfae13d6df71c107cfde145,true,false
salesagility/SuiteCRM,data/SugarBean.php,e7b46f238af4c771fcaa44675a532a71a3111886,true,false
sbrl/Pepperminty-Wiki,modules/feature-interwiki-links.php,0ff5ab20ecc1e3b55cbb939571f179fcd9880a02,true,false
sbrl/Pepperminty-Wiki,modules/feature-user-table.php,2844a47f9f95801a1fb1362f8cdf901875f22602,true,false
sbrl/Pepperminty-Wiki,modules/page-delete.php,3f286b4cda90d3988c47e311a06d083f53e63f14,true,false
sbrl/Pepperminty-Wiki,modules/feature-guiconfig.php,3f61c9eac0bd493a795ba43bd8e3dd0437e69789,true,false
sbrl/Pepperminty-Wiki,modules/feature-search.php,98485e7bd2b1326985952470f7bf228af38aba6e,true,false
sbrl/Pepperminty-Wiki,modules/feature-history.php,b5b38166acb1f5b301fc18c9240cfa9f2aa95a72,true,false
sbrl/Pepperminty-Wiki,modules/action-hash.php,e0f65c2e65cfbd5b20b2bb64c477dc0ec4f062b9,true,false
sheabunge/code-snippets,php/settings/class-setting-field.php,433f3b6458c482a7c5ada5979376f1f36a6be36e,true,false
shish/shimmie2,ext/handle_pixel/theme.php,9e52434480aaf7a4333d81998c39bfd378e7727d,true,false
shish/shimmie2,themes/danbooru/index.theme.php,f5b3276e6225b71bae2b5853c58771c526ca5106,true,false
silverstripe/silverstripe-cms,_graphql/config.yml,f3a76ccf2d52f7eaeb0cb7b70be389613c979805,false,true
silverstripe/silverstripe-cms,code/GraphQL/LinkablePlugin.php,f3a76ccf2d52f7eaeb0cb7b70be389613c979805,false,true
silverstripe/silverstripe-cms,tests/php/GraphQL/LinkablePluginTest.php,f3a76ccf2d52f7eaeb0cb7b70be389613c979805,false,true
silverstripe/silverstripe-userforms,code/Model/EditableFormField.php,686a7295ffe1e103ab3368c44e8a4b8b48163d8f,true,false
simplesamlphp/saml2,src/SAML2/XML/saml/Assertion.php,a8bd869e447d6917e89356d7b27ace340193144c,true,false
slawkens/myaac,system/libs/pot/OTS_Player.php,60d2cfea9908748f03ca95db136eeeac4ba6ac2a,true,false
slawkens/myaac,system/libs/pot/OTS_Base_DB.php,723e81e90e979b107d74bd49d17376172e8d46af,true,false
slevomat/coding-standard,SlevomatCodingStandard/Sniffs/Classes/ClassStructureSniff.php,4b1e07848068b369b42056aaf237a1d9640ec425,true,false
slevomat/coding-standard,SlevomatCodingStandard/Sniffs/PHP/TypeCastSniff.php,6bf37ba1de502abed17e24dd2e20da8868c20059,true,false
slevomat/coding-standard,tests/Sniffs/PHP/data/typeCastNoErrors.php,6bf37ba1de502abed17e24dd2e20da8868c20059,true,false
slevomat/coding-standard,SlevomatCodingStandard/Sniffs/Classes/RequireConstructorPropertyPromotionSniff.php,baf453cb7e29a59c0f5d4ecd428a3e683ca3da72,true,false
slevomat/coding-standard,tests/Sniffs/Classes/data/requireConstructorPropertyPromotionNoErrors.php,baf453cb7e29a59c0f5d4ecd428a3e683ca3da72,true,false
slevomat/coding-standard,SlevomatCodingStandard/Sniffs/Namespaces/UseSpacingSniff.php,c6e72663f175a01bfc0a946a49365bf3362b205d,true,false
slevomat/coding-standard,tests/Sniffs/Namespaces/UseSpacingSniffTest.php,c6e72663f175a01bfc0a946a49365bf3362b205d,true,false
slevomat/coding-standard,tests/Sniffs/Namespaces/data/useSpacingWithDefaultSettingsWithComments2Errors.fixed.php,c6e72663f175a01bfc0a946a49365bf3362b205d,true,false
slevomat/coding-standard,tests/Sniffs/Namespaces/data/useSpacingWithDefaultSettingsWithComments2Errors.php,c6e72663f175a01bfc0a946a49365bf3362b205d,true,false
slevomat/coding-standard,tests/Sniffs/Namespaces/data/useSpacingWithDefaultSettingsWithCommentsErrors.fixed.php,c6e72663f175a01bfc0a946a49365bf3362b205d,true,false
slevomat/coding-standard,tests/Sniffs/Namespaces/data/useSpacingWithDefaultSettingsWithCommentsErrors.php,c6e72663f175a01bfc0a946a49365bf3362b205d,true,false
slevomat/coding-standard,tests/Sniffs/Namespaces/data/useSpacingWithDefaultSettingsWithCommentsNoErrors.php,c6e72663f175a01bfc0a946a49365bf3362b205d,true,false
smalot/pdfparser,samples/bugs/Issue450.pdf,5dd2329156a100377d4d1566b10005b7b8d16dfd,true,true
smrealms/smr,src/tools/irc/irc.php,6aa95a70699aa4c1d0328e1f2a574bfa30268717,true,false
smrealms/smr,src/engine/Default/sector_mines.inc.php,e07800f0c846a3aa1216fa5ca1931d8a64937801,true,true
smrealms/smr,src/engine/Default/game_play_processing.php,eb8345ac19d117e2e5246e9849c761ceb1b40481,true,true
snipe/snipe-it,resources/views/layouts/default.blade.php,d5a7955e1d917a0654fad6bc4fdfebfbf04f18fa,true,true
sonata-project/SonataAdminBundle,src/Action/RetrieveAutocompleteItemsAction.php,73d17b9de11ee3c9b98e96dfc8213093b6829d58,true,false
sonata-project/SonataAdminBundle,src/Controller/CRUDController.php,8a7c9b7666d0b80d12f0beab9d449cbb9bfa3479,true,false
sonata-project/SonataMediaBundle,docs/reference/advanced_configuration.rst,67bc93b40370d75b0ea0b1106e23901d8138eb3d,false,true
sonata-project/SonataMediaBundle,src/Client/BuzzClient.php,ca464f3ba568f0873d3d78669d57407e4e830323,true,false
spatie/laravel-backup,.github/workflows/php-cs-fixer.yml,eff35b278a80720baad29c6647a28f01b7562555,true,false
spatie/laravel-backup,.gitignore,eff35b278a80720baad29c6647a28f01b7562555,true,false
spatie/laravel-backup,.php_cs,eff35b278a80720baad29c6647a28f01b7562555,true,false
spatie/laravel-backup,.php_cs.dist.php,eff35b278a80720baad29c6647a28f01b7562555,true,false
spip/SPIP,prive/javascript/ajaxCallback.js,6a6422c067daf04922147b9a214ab873c617fb65,true,false
spip/SPIP,prive/themes/spip/alertes.css.html,6a6422c067daf04922147b9a214ab873c617fb65,true,false
splitbrain/dokuwiki,lib/plugins/extension/helper/extension.php,8b2b6356d13f827032c82b7376a41bd0e56e3850,true,false
splitbrain/dokuwiki,inc/HTTP/HTTPClient.php,f0fb9969cd672afb2e3758511e9dd9ace5bf7cbd,true,false
spryker/code-sniffer,bin/tokenize.php,20b41ba5e22020d6928dca1ef65750d6544e348c,true,false
stijink/homescreen,api/src/Component/News.php,db2b73e423b11de85a536011c7862f135008d0db,true,false
symfony/cache,Marshaller/DefaultMarshaller.php,e7e1132182751f7b757e153d34ebc129c764b189,true,false
symfony/cache,Tests/Marshaller/DefaultMarshallerTest.php,e7e1132182751f7b757e153d34ebc129c764b189,true,false
symfony/cache,DataCollector/CacheDataCollector.php,ebe284252cf98e0af4b9a2e3d14d7f609606299a,true,false
symfony/dependency-injection,Loader/Configurator/AbstractServiceConfigurator.php,75dd7094870feaa5be9ed2b6b1efcfc2b7d3b9b4,true,false
symfony/framework-bundle,Tests/Command/TranslationUpdateCommandTest.php,c2260512a5f842df43b05f357fe26e7d38294b82,true,false
symfony/framework-bundle,Tests/Functional/app/AppKernel.php,c2260512a5f842df43b05f357fe26e7d38294b82,true,false
symfony/http-foundation,Tests/BinaryFileResponseTest.php,0de54bd346c414c6e73ac80d5bae14c1b4904d32,false,true
symfony/http-foundation,Tests/InputBagTest.php,0de54bd346c414c6e73ac80d5bae14c1b4904d32,false,true
symfony/http-foundation,Tests/ParameterBagTest.php,0de54bd346c414c6e73ac80d5bae14c1b4904d32,false,true
symfony/http-foundation,Tests/RequestStackTest.php,0de54bd346c414c6e73ac80d5bae14c1b4904d32,false,true
symfony/polyfill,src/Php81/Php81.php,894c295ecf9acb48b34ab15d4c24b2fc927f6ff0,true,true
symfony/polyfill,tests/Php81/Php81Test.php,894c295ecf9acb48b34ab15d4c24b2fc927f6ff0,true,true
symfony/polyfill,src/Mbstring/Mbstring.php,d3fcebcf775353439f4dd2a3ef7e713489483214,true,true
symfony/property-info,Extractor/ConstructorExtractor.php,4541faff43c998af943bbdcd471870093338c064,true,false
symfony/security-guard,Token/PreAuthenticationGuardToken.php,f54b930c8febb9c65dbb633fe43c1b59baca8003,false,true
symfony/security-http,Firewall/AccessListener.php,03219b991e7750fe5f68cdf777da0556a3af320b,true,false
symfony/security-http,Tests/Firewall/AccessListenerTest.php,03219b991e7750fe5f68cdf777da0556a3af320b,true,false
symfony/security-http,Authenticator/Passport/Badge/UserBadge.php,e75cbf14bb48401d24c01bfbe4cb7dc9d1b1a2fb,true,false
symfony/symfony,src/Symfony/Component/Translation/Tests/TranslatableTest.php,2221f4eacf966f4ad2b15a8db4a075dcf3376678,true,false
symfony/symfony,src/Symfony/Component/Translation/TranslatableMessage.php,2221f4eacf966f4ad2b15a8db4a075dcf3376678,true,false
symfony/symfony,src/Symfony/Component/Ldap/Security/LdapUserProvider.php,42197de4f05a10cbbbcf72dbee3408339d6da96d,true,false
symfony/symfony,src/Symfony/Bundle/FrameworkBundle/Tests/Kernel/ConcreteMicroKernel.php,6bc0f354c0cc2a48ded008139ff4ff9e4e01d4d0,true,false
symfony/symfony,src/Symfony/Bundle/FrameworkBundle/Tests/Kernel/flex-style/src/FlexStyleMicroKernel.php,6bc0f354c0cc2a48ded008139ff4ff9e4e01d4d0,true,false
symfony/symfony,src/Symfony/Component/Serializer/Tests/Normalizer/Features/SkipUninitializedValuesTestTrait.php,a8cc21e923ad6b02e5494e0af2baf7b2c0a3d7ce,true,false
symfony/symfony,src/Symfony/Component/Serializer/Tests/Normalizer/Features/TypedPropertiesObject.php,a8cc21e923ad6b02e5494e0af2baf7b2c0a3d7ce,true,false
symfony/symfony,src/Symfony/Component/Serializer/composer.json,a8cc21e923ad6b02e5494e0af2baf7b2c0a3d7ce,true,false
symfony/symfony,src/Symfony/Component/HttpFoundation/CHANGELOG.md,bb68baf137ed73cb30782ae92983c7366392d5bb,true,true
symfony/var-dumper,Caster/ResourceCaster.php,2aed8e1237aabc587e75fb5adc1d0b98d3450b08,true,false
symfony/workflow,CHANGELOG.md,e7987a704757051138139d0905f7c5f74d0e3343,false,true
symfony/workflow,Exception/InvalidTokenConfigurationException.php,e7987a704757051138139d0905f7c5f74d0e3343,false,true
teamreflex/DiscordPHP,src/Discord/Parts/Guild/Guild.php,9e9a1435792f24f4a0d35eb41458c2df0c082a30,true,false
thephpleague/period,.gitignore,560869c5dd561a1d7e372b62390744904629a418,false,true
thoemel/veloboerse,application/controllers/Haendlerformular.php,03c41c2c4c829d907db45199da16f92bac753896,true,false
thomasez/BisonLabSakonninBundle,Resources/views/Message/_create_popup.html.twig,285adb790a22aed3e79939bcc6b1e2422aa13021,true,false
thorsten/phpMyFAQ,phpmyfaq/src/phpMyFAQ/User.php,47eee00acca244d0c9a41d030086fe4fe61d5eb6,true,true
tigron/tiny-invoice,app/admin/template/administrative/incoming.twig,f95971b4e1623771b8f0e5ac3981db5d118f5fa9,true,false
timber/timber,lib/Post.php,81e4774326bc251bea173212bac9fcf134ab7d4f,true,false
tsugiproject/tsugi-php,tests/UI/SettingsFormTest.php,5fac859d257666af03661ab14cd67ee0dc32f037,false,true
ultimatemember/ultimatemember,includes/admin/class-admin.php,070b0f4017859c5b5dd7fd3a02631246136c0ceb,true,false
ungdev/EtuUTT,src/Etu/Core/UserBundle/Controller/ScheduleController.php,72e52ac9073fc7d13c01a1fee04f59853ed76fe0,true,false
valkyrjaio/valkyrja,src/Valkyrja/Container/Providers/AppProvider.php,e7106793a54492b04d2be6b65631d82a9102ed3a,true,false
vanoden/Porkchop,classes/Site/Session.php,018dd8601b2c4459724491a4a6d7d2d4c0e0ed81,true,false
vanoden/Porkchop,classes/Storage/File.php,68d598192a792d0edbd3d1df7018f573e68d695e,true,false
vanoden/Porkchop,classes/Storage/Repository/Metadata.php,97bf514f9559cae2a2de20a7f08aa8c87430f938,true,false
vanoden/Porkchop,classes/Engineering/Project.php,9f2a39d8e9f7d537905988b737994701a57e2bc4,true,false
vanoden/Porkchop,classes/Product/API.php,a0950646559c0a95a301621bc788539cd2275dd5,true,true
vufind-org/vufind,themes/bootstrap3/js/requests.js,097e2061e5f89fd8bab91e0852f695d07507eb91,true,false
vufind-org/vufind,themes/bootstrap3/templates/feedback/form.phtml,6de29701114b152e031b07a6a3d6b3ec0c1a24b2,false,true
vufind-org/vufind,themes/bootstrap3/templates/Helpers/pagination.phtml,73b2713c9fbaedf4adc21a09ad5b5d21f7057ada,true,false
vufind-org/vufind,themes/bootstrap3/templates/Recommend/AuthorFacets.phtml,73b2713c9fbaedf4adc21a09ad5b5d21f7057ada,true,false
vufind-org/vufind,themes/bootstrap3/templates/Recommend/AuthorInfo.phtml,73b2713c9fbaedf4adc21a09ad5b5d21f7057ada,true,false
vufind-org/vufind,themes/bootstrap3/templates/Recommend/DOI.phtml,73b2713c9fbaedf4adc21a09ad5b5d21f7057ada,true,false
vufind-org/vufind,themes/bootstrap3/templates/Recommend/DPLATerms.phtml,73b2713c9fbaedf4adc21a09ad5b5d21f7057ada,true,false
vufind-org/vufind,themes/bootstrap3/templates/RecordTab/holdingsils/electronic.phtml,73b2713c9fbaedf4adc21a09ad5b5d21f7057ada,true,false
vufind-org/vufind,themes/bootstrap3/templates/admin/tags/checkbox.phtml,73b2713c9fbaedf4adc21a09ad5b5d21f7057ada,true,false
vufind-org/vufind,themes/bootstrap3/templates/browse/home.phtml,73b2713c9fbaedf4adc21a09ad5b5d21f7057ada,true,false
vufind-org/vufind,themes/bootstrap3/templates/devtools/language.phtml,73b2713c9fbaedf4adc21a09ad5b5d21f7057ada,true,false
vufind-org/vufind,themes/bootstrap3/templates/search/facet-list.phtml,73b2713c9fbaedf4adc21a09ad5b5d21f7057ada,true,false
vufind-org/vufind,module/VuFindTheme/tests/fixtures/themes/mixin/mixin.config.php,8a09f06603f529d58d585f652a5d3de1c366b28e,true,false
vufind-org/vufind,module/VuFind/tests/fixtures/paia/response/patron.json,90437ca7061bfabfcf5fa633f53014af500c0533,false,true
vufind-org/vufind,themes/bootstrap3/images/hierarchy-file.svg,aa5bcb0e3941c6d5ee4fb81657028338eab0c026,true,false
vufind-org/vufind,themes/bootstrap3/images/hierarchy-folder.svg,aa5bcb0e3941c6d5ee4fb81657028338eab0c026,true,false
vufind-org/vufind,themes/bootstrap3/js/hierarchyTree.js,aa5bcb0e3941c6d5ee4fb81657028338eab0c026,true,false
vufind-org/vufind,themes/bootstrap3/less/components/js-tree.less,aa5bcb0e3941c6d5ee4fb81657028338eab0c026,true,false
vufind-org/vufind,themes/bootstrap3/scss/components/js-tree.scss,aa5bcb0e3941c6d5ee4fb81657028338eab0c026,true,false
vufind-org/vufind,module/VuFind/tests/unit-tests/src/VuFindTest/Captcha/ImageFactoryTest.php,ba5d616f352c5fb66939050c6ee12f7795ba1a67,true,false
vufind-org/vufind,module/VuFind/src/VuFind/I18n/Locale/LocaleSettings.php,bcf2fc173ddfa17d3cc07d9017bc07459f43c7eb,true,true
vufind-org/vufind,module/VuFind/src/VuFind/Config/Writer.php,cbf5b7055df476370cd7f4aad4101af76b9854b6,false,true
vufind-org/vufind,module/VuFind/src/VuFind/QRCode/Loader.php,ce93b89af08a2c37bed647545cbd54e6324144b9,true,true
vufind-org/vufind,module/VuFind/tests/unit-tests/src/VuFindTest/QRCode/LoaderTest.php,ce93b89af08a2c37bed647545cbd54e6324144b9,true,true
vufind-org/vufind,import/index_java/src/org/vufind/index/WorkKeys.java,f738bbb07733504c2995f40bd900bc4b73b62e78,false,true
walkor/Workerman,Worker.php,c5ec1f5a12cde1f00009c40f05e560c26e74f96b,true,false
wallabag/wallabag,src/Wallabag/CoreBundle/Resources/views/themes/common/Entry/entries.xml.twig,ca4d7283d2eeab57ba119c7fe6865f9bcf056cf5,true,false
webonyx/graphql-php,tests/Error/FormattedErrorTest.php,30dddc5c9bd5f28deb80b0f0a5294e60d9f01814,true,false
webonyx/graphql-php,docs/error-handling.md,b79ac32b9164e93cd5fee8c52f3223a9bcd24dfc,true,false
webonyx/graphql-php,tests/Executor/AbstractPromiseTest.php,b79ac32b9164e93cd5fee8c52f3223a9bcd24dfc,true,false
webonyx/graphql-php,tests/Executor/MutationsTest.php,b79ac32b9164e93cd5fee8c52f3223a9bcd24dfc,true,false
wikimedia/mediawiki-extensions-AbuseFilter,tests/phpunit/UpdateHitCountWatcherTest.php,86257d825c90b54270fca1307e5623ab1e489fae,true,false
wikimedia/mediawiki-extensions-AbuseFilter,tests/phpunit/unit/CentralDBManagerTest.php,86257d825c90b54270fca1307e5623ab1e489fae,true,false
wikimedia/mediawiki-extensions-AbuseFilter,tests/phpunit/unit/EditRevUpdaterTest.php,86257d825c90b54270fca1307e5623ab1e489fae,true,false
wikimedia/mediawiki-extensions-AbuseFilter,tests/phpunit/unit/FilterLookupTest.php,86257d825c90b54270fca1307e5623ab1e489fae,true,false
wikimedia/mediawiki-extensions-AbuseFilter,tests/parserTests/strpos.t,9b93b0256a0fdfba02bf0a12fa2e934ce9e17064,true,false
wikimedia/mediawiki-extensions-BetaFeatures,extension.json,0f5faf6cc3fcc7d73b01675f88bec94d4adb51d7,true,true
wikimedia/mediawiki-extensions-CentralAuth,maintenance/deleteLocalPasswords.php,0c116ec281a2d8a6187f3101b117800ec40137eb,true,false
wikimedia/mediawiki-extensions-CentralNotice,includes/Banner.php,b010e249c431b1742d0159c1199a574c8aa24dc8,true,false
wikimedia/mediawiki-extensions-CentralNotice,resources/vendor/jquery.ui.multiselect/ui.multiselect.js,b9a20d69a601e4b53d418026aedfad218f2de901,true,false
wikimedia/mediawiki-extensions-CheckUser,extension.json,196254b71cb350d4bc54ea0342b25c4d43ef1b1a,true,true
wikimedia/mediawiki-extensions-CheckUser,src/Specials/SpecialInvestigate.php,3e1b92c5fe30547ec83fd786682ee8af3210b668,false,true
wikimedia/mediawiki-extensions-CheckUser,src/EncryptedData.php,6cacac0fe47549d84e5602cc9f961a34f8a3fee9,false,true
wikimedia/mediawiki-extensions-Collection,includes/Api/ApiAddCategory.php,57972d2263fceded40ab505f8032de4e8b56b093,true,false
wikimedia/mediawiki-extensions-Collection,tests/phpunit/includes/api/ApiAddCategoryTest.php,57972d2263fceded40ab505f8032de4e8b56b093,true,false
wikimedia/mediawiki-extensions-Collection,includes/Api/ApiRemoveArticle.php,fc40116b4fdf5d3c4380a7a1209af9b3496bced1,true,false
wikimedia/mediawiki-extensions-Collection,tests/phpunit/includes/api/ApiRemoveArticleTest.php,fc40116b4fdf5d3c4380a7a1209af9b3496bced1,true,false
wikimedia/mediawiki-extensions-ConfirmEdit,SimpleCaptcha/SimpleCaptcha.php,fc7a88124e2a2b49e5307592917021a4f1546f9d,true,true
wikimedia/mediawiki-extensions-ContactPage,extension.json,4ee5e98e0fd049cf20f49f594da1e3ab02bb6c75,true,false
wikimedia/mediawiki-extensions-ContactPage,includes/SpecialContact.php,4ee5e98e0fd049cf20f49f594da1e3ab02bb6c75,true,false
wikimedia/mediawiki-extensions-Disambiguator,includes/Specials/SpecialDisambiguationPageLinks.php,b68a3a9de0403a393de2866d0e92a12137d4ec64,true,true
wikimedia/mediawiki-extensions-Echo,includes/Push/SubscriptionManager.php,76227585f991c53ccd2bdffad563ddbeae5008cc,true,false
wikimedia/mediawiki-extensions-EventLogging,composer.json,8ae5deedf93bc6e0fabc3aab4a69ce61c99a4aeb,false,true
wikimedia/mediawiki-extensions-EventLogging,includes/EventLoggingHooks.php,8ae5deedf93bc6e0fabc3aab4a69ce61c99a4aeb,false,true
wikimedia/mediawiki-extensions-Flow,modules/editor/editors/visualeditor/ui/inspectors/mw.flow.ve.ui.MentionInspector.js,104a9917ea53f7573ef6f444833eb39e005cfc8d,true,true
wikimedia/mediawiki-extensions-Flow,maintenance/FlowRestoreLQT.php,734cec597fafcf2b469c3ebfb7370a0f11ef13db,true,false
wikimedia/mediawiki-extensions-Flow,extension.json,d242a04d2c05a9de00817e050d0cf57b6d77eb1e,true,false
wikimedia/mediawiki-extensions-GlobalBlocking,extension.json,33a58f8134b313a5738d899d470c4e4b8428b9b8,true,true
wikimedia/mediawiki-extensions-GlobalBlocking,includes/GlobalBlock.php,33a58f8134b313a5738d899d470c4e4b8428b9b8,true,true
wikimedia/mediawiki-extensions-GlobalCssJs,extension.json,b8d147b8084216be338337ab2353f029c0693dbd,true,true
wikimedia/mediawiki-extensions-GlobalCssJs,includes/Hooks.php,b8d147b8084216be338337ab2353f029c0693dbd,true,true
wikimedia/mediawiki-extensions-GlobalPreferences,tests/phpunit/GlobalPreferencesTest.php,6c51226cbd9eed38b1c9de8d19753f87708b6f7f,true,false
wikimedia/mediawiki-extensions-GlobalUsage,extension.json,7ccda2efc5449c463373aa4b4aaac434ec0d40ff,true,false
wikimedia/mediawiki-extensions-GlobalUsage,includes/GlobalUsageCachePurgeJob.php,7ccda2efc5449c463373aa4b4aaac434ec0d40ff,true,false
wikimedia/mediawiki-extensions-LiquidThreads,classes/LqtView.php,53887fe2f3417e15d6769d2300ecd6623aba6389,true,false
wikimedia/mediawiki-extensions-MassMessage,includes/SpecialMassMessage.php,3a7cde279dce93fb22a100779af989e457648dc6,true,false
wikimedia/mediawiki-extensions-MassMessage,includes/Job/MassMessageJob.php,a7367cf316810fc6b2a13370695e20c850d476f3,true,false
wikimedia/mediawiki-extensions-Math,tests/phpunit/InputCheck/RestbaseCheckerTest.php,da8e918fb3f18a5fb0c77e70bf31b009f6a959a1,true,false
wikimedia/mediawiki-extensions-Math,tests/phpunit/InputCheck/data/deprecated.json,da8e918fb3f18a5fb0c77e70bf31b009f6a959a1,true,false
wikimedia/mediawiki-extensions-Math,tests/phpunit/InputCheck/data/invalidF.json,da8e918fb3f18a5fb0c77e70bf31b009f6a959a1,true,false
wikimedia/mediawiki-extensions-Math,tests/phpunit/InputCheck/data/mathoid/deprecated.json,da8e918fb3f18a5fb0c77e70bf31b009f6a959a1,true,false
wikimedia/mediawiki-extensions-Math,tests/phpunit/InputCheck/data/mathoid/invalidF.json,da8e918fb3f18a5fb0c77e70bf31b009f6a959a1,true,false
wikimedia/mediawiki-extensions-Math,tests/phpunit/InputCheck/data/mathoid/sinx.json,da8e918fb3f18a5fb0c77e70bf31b009f6a959a1,true,false
wikimedia/mediawiki-extensions-Math,tests/phpunit/InputCheck/data/mathoid/syntaxE.json,da8e918fb3f18a5fb0c77e70bf31b009f6a959a1,true,false
wikimedia/mediawiki-extensions-Math,tests/phpunit/InputCheck/data/restbase/chem.json,da8e918fb3f18a5fb0c77e70bf31b009f6a959a1,true,false
wikimedia/mediawiki-extensions-Math,tests/phpunit/InputCheck/data/restbase/fail.json,da8e918fb3f18a5fb0c77e70bf31b009f6a959a1,true,false
wikimedia/mediawiki-extensions-Math,tests/phpunit/InputCheck/data/restbase/sinx.json,da8e918fb3f18a5fb0c77e70bf31b009f6a959a1,true,false
wikimedia/mediawiki-extensions-Math,tests/phpunit/InputCheck/data/restbase/syntax_error.json,da8e918fb3f18a5fb0c77e70bf31b009f6a959a1,true,false
wikimedia/mediawiki-extensions-Math,tests/phpunit/InputCheck/data/sinx.json,da8e918fb3f18a5fb0c77e70bf31b009f6a959a1,true,false
wikimedia/mediawiki-extensions-Math,tests/phpunit/InputCheck/data/syntaxE.json,da8e918fb3f18a5fb0c77e70bf31b009f6a959a1,true,false
wikimedia/mediawiki-extensions-Math,tests/phpunit/MathInputCheckRestbaseTest.php,da8e918fb3f18a5fb0c77e70bf31b009f6a959a1,true,false
wikimedia/mediawiki-extensions-Math,tests/phpunit/MathMockHttpTrait.php,da8e918fb3f18a5fb0c77e70bf31b009f6a959a1,true,false
wikimedia/mediawiki-extensions-Math,tests/phpunit/MathRendererTest.php,da8e918fb3f18a5fb0c77e70bf31b009f6a959a1,true,false
wikimedia/mediawiki-extensions-Math,tests/phpunit/MathRestbaseInterfaceTest.php,da8e918fb3f18a5fb0c77e70bf31b009f6a959a1,true,false
wikimedia/mediawiki-extensions-Math,tests/phpunit/MathValidatorTest.php,da8e918fb3f18a5fb0c77e70bf31b009f6a959a1,true,false
wikimedia/mediawiki-extensions-Math,tests/phpunit/data/restbase/h2o.mml,da8e918fb3f18a5fb0c77e70bf31b009f6a959a1,true,false
wikimedia/mediawiki-extensions-Math,tests/phpunit/data/restbase/sinx.mml,da8e918fb3f18a5fb0c77e70bf31b009f6a959a1,true,false
wikimedia/mediawiki-extensions-Math,tests/phpunit/unit/InputCheckFactoryTest.php,da8e918fb3f18a5fb0c77e70bf31b009f6a959a1,true,false
wikimedia/mediawiki-extensions-MathSearch,includes/MathSearchHooks.php,e178af41f08a6b5c7d2113521634d2ab25aa60c6,true,false
wikimedia/mediawiki-extensions-Nuke,includes/SpecialNuke.php,5169b386caaa7ee0f5401bb89ab4af8345be31d8,true,true
wikimedia/mediawiki-extensions-OAuth,extension.json,ce9ee90511df85e62442e3e408a37a2eb1f8e0c7,true,true
wikimedia/mediawiki-extensions-PageTriage,.eslintignore,20db425a6acc822d455eb0b96d76425e27bf5551,true,true
wikimedia/mediawiki-extensions-PageTriage,Gruntfile.js,20db425a6acc822d455eb0b96d76425e27bf5551,true,true
wikimedia/mediawiki-extensions-ProofreadPage,modules/index/ext.proofreadpage.index.js,5b9354400699ec7e924281ee2dd7d3b6995365a7,false,true
wikimedia/mediawiki-extensions-ProofreadPage,includes/Parser/PagesTagParser.php,840ba4f500e334ba92739e2df102331e657d14f0,true,true
wikimedia/mediawiki-extensions-ProofreadPage,ProofreadPage.namespaces.php,b8087b2985d0dd397ca19fde2029f8ca20f696cd,true,false
wikimedia/mediawiki-extensions-ProofreadPage,includes/Api/ApiQueryProofreadInfo.php,bbf7ec7e8ccf1cd6b2245223f450159bc2b71ded,true,true
wikimedia/mediawiki-extensions-SecurePoll,cli/wm-scripts/mcdc2021/mcdc2021_tables.sql,598664601f815249ae763ed496eec3288a3a5715,true,false
wikimedia/mediawiki-extensions-SecurePoll,cli/wm-scripts/mcdc2021/populateEditCount.php,598664601f815249ae763ed496eec3288a3a5715,true,false
wikimedia/mediawiki-extensions-SecurePoll,includes/Pages/TranslatePage.php,9d97ef6aff861bc0ce64cc2c773588a19101dce3,true,false
wikimedia/mediawiki-extensions-SyntaxHighlight_GeSHi,SyntaxHighlight.lexers.php,b4f53c7ad17c3438f187378652d083bc675dbe19,true,false
wikimedia/mediawiki-extensions-SyntaxHighlight_GeSHi,pygments/VERSION,b4f53c7ad17c3438f187378652d083bc675dbe19,true,false
wikimedia/mediawiki-extensions-SyntaxHighlight_GeSHi,pygments/pygmentize,b4f53c7ad17c3438f187378652d083bc675dbe19,true,false
wikimedia/mediawiki-extensions-UserMerge,extension.json,1f8b40179adecc0185601414e68b5d8cfb4cf99c,false,true
wikimedia/mediawiki-extensions-UserMerge,includes/MergeUser.php,1f8b40179adecc0185601414e68b5d8cfb4cf99c,false,true
wikimedia/mediawiki-extensions-WikimediaEvents,.phpcs.xml,2b65d80d56251a4288cde8301c98c1c4e586a03f,true,false
wikimedia/mediawiki-extensions-WikimediaEvents,tests/phpunit/PrefUpdateInstrumentationTest.php,2b65d80d56251a4288cde8301c98c1c4e586a03f,true,false
wikimedia/mediawiki-extensions-WikimediaMaintenance,blameStartupRegistry.php,56bc1fe8afa005c3f18410accdcbfa10d57322c9,true,true
wikimedia/parsoid,tools/doMaintenance.php,1ffefa5dc597f0186cb35d01610fffe317cf692c,true,false
wikimedia/parsoid,tests/parser/legacyMediaParserTests.txt,a5bfc3a87ce19eb5fdfb3230729bee37e90a7783,true,false
wikimedia/parsoid,tests/parser/sectionWrappingParserTests.txt,a5bfc3a87ce19eb5fdfb3230729bee37e90a7783,true,false
wikimedia/parsoid,tests/parser/separatorTests.txt,c4cf2693e2f32430108f1adb9c981be376f937d9,true,false
wikimedia/parsoid,src/Html2Wt/DOMHandlers/EncapsulatedContentHandler.php,ec2ab54ee673be992112df46b1bae2d2b9f739a9,true,false
willianmano/moodle-theme_moove,classes/output/core_renderer.php,3a5ada646922264fe87bf6c1f8228a812083755e,true,false
wp-media/wp-rocket-helpers,various/wp-rocket-media-image-dimensions-picture-external-images/wp-rocket-media-image-dimensions-picture-external-images.php,e738eb12730b231e4d8882bafefecce54f0f3324,true,true
wp-media/wp-rocket-helpers,various/wp-rocket-media-image-dimensions-picture-external-images/wp-rocket-media-image-dimensions-picture-external-images.zip,e738eb12730b231e4d8882bafefecce54f0f3324,true,true
xnau/pardibee,classes/PDb_List_Query.php,45cf284f5b387999a93bea638b352fb02f07e720,false,true
xnau/pardibee,classes/PDb_fields/string_combine.php,b0ff1dd821364743b1db5d9198bf27077dadb81d,false,true
xnau/pardibee,classes/PDb_Date_Parse.php,baf8b02d809b66d2eb1d36a8a20bec8146cb54c5,true,false
yiisoft/yii2,framework/helpers/BaseArrayHelper.php,59eb9a3395aaf0b09fcbfa5743e16875ad03f47f,true,false
yiisoft/yii2,tests/framework/helpers/ArrayHelperTest.php,59eb9a3395aaf0b09fcbfa5743e16875ad03f47f,true,false
yiisoft/yii2,framework/helpers/BaseInflector.php,63e93ba2431bee463d5026f3e6c0950359fe2551,true,false
yiisoft/yii2,tests/framework/helpers/InflectorTest.php,63e93ba2431bee463d5026f3e6c0950359fe2551,true,false
yiisoft/yii2,framework/web/JsonParser.php,7ebaaf021680bc40606931a808541cf298f43938,true,false
yiisoft/yii2,tests/framework/web/RequestTest.php,7ebaaf021680bc40606931a808541cf298f43938,true,false
yiisoft/yii2,framework/base/View.php,9ed87a0ad688f81d274695d9aebabc95644c2be7,true,false
yiisoft/yii2,tests/framework/base/ViewTest.php,9ed87a0ad688f81d274695d9aebabc95644c2be7,true,false
yiisoft/yii2,framework/console/controllers/MigrateController.php,ac373c06fef51051442e01080e37f51405df63be,true,false
yiisoft/yii2,tests/data/console/migrate_create/create_id_field_not_as_pk.php,ac373c06fef51051442e01080e37f51405df63be,true,false
yiisoft/yii2,tests/framework/console/controllers/MigrateControllerTest.php,ac373c06fef51051442e01080e37f51405df63be,true,false
yiisoft/yii2,tests/framework/validators/ExistValidatorTest.php,be1b98b1dfb861dd6c561e4d086ebaa439a79acd,true,false
yiisoft/yii2,framework/i18n/Formatter.php,c8e4e0727a122fddcd021f4419b939dc841d769c,true,false
yiisoft/yii2,tests/framework/i18n/FormatterNumberTest.php,c8e4e0727a122fddcd021f4419b939dc841d769c,true,false
yiisoft/yii2,tests/framework/filters/auth/BasicAuthTest.php,c94d7049c51343c1512772b321005cfeb83e1746,true,true
yiisoft/yii2,framework/log/Logger.php,f35f53eaf834e5281dfc03b219e57eb8d6d8be3c,true,false
yiisoft/yii2,tests/framework/log/LoggerTest.php,f35f53eaf834e5281dfc03b219e57eb8d6d8be3c,true,false
yiisoft/yii2,tests/framework/log/TargetTest.php,f35f53eaf834e5281dfc03b219e57eb8d6d8be3c,true,false
yiisoft/yii2,framework/web/HeaderCollection.php,f3956a4eec087c6a426813bb26a6403434526fd8,true,false
yiisoft/yii2,tests/framework/web/HeaderCollectionTest.php,f3956a4eec087c6a426813bb26a6403434526fd8,true,false
yiisoft/yii2,framework/db/Migration.php,fdbdbb51fbea85a14ce27010fb43bc7a413d33fa,true,false
yiisoft/yii2-elasticsearch,composer.json,9b8bf5342c5831bc65c5f0595fcc2b759d817882,true,false
yiisoft/yii2-framework,i18n/Formatter.php,00c74114a59e06f117663f3391b000de136b9422,true,false
yiisoft/yii2-framework,console/controllers/MigrateController.php,4ad9fa41130bc0e4bbcd9c6d0d8e072aa5061ab2,true,false
yiisoft/yii2-framework,base/View.php,7e6316c141035f21172edc1371d282ee6f8f8f71,true,false
yiisoft/yii2-framework,web/JsonParser.php,8f65b91bdfbf567ce6615bfbccd14126f55e6fed,true,false
yiisoft/yii2-framework,helpers/BaseInflector.php,967ff64dae589b1aaa2bbaa8b5a8e10c21c439e1,true,false
yiisoft/yii2-framework,log/Logger.php,c0c581d5659d347d1467e1c9d15d3c46bbd1cfe9,true,false
yiisoft/yii2-framework,helpers/BaseArrayHelper.php,c93db69df726fd164b7220e9e8f5ec35fc2818fa,true,false
yiisoft/yii2-framework,web/HeaderCollection.php,e23dccea3b41fd6e8e0b3e999721e3fb1dc14a02,true,false
yiisoft/yii2-framework,db/Migration.php,e6dc7715fa1ffe07fcfa95ca8b859a65aac7069d,true,false
yodor/sparkbox,lib/beans/DBTableBean.php,1a71c0c0a6e9a461ef023d96fb150626274fd98c,true,false
